date,单位净值,复权单位净值,累计单位净值,close,涨跌幅(%),申购状态
2013-09-30,1.6990,2.2949,2.2420,1.6970,0.00,开放申购|开放赎回
2013-10-08,1.7150,2.3165,2.2610,1.7170,0.94,开放申购|开放赎回
2013-10-09,1.7240,2.3287,2.2720,1.7230,0.52,开放申购|开放赎回
2013-10-10,1.6920,2.2855,2.2340,1.6940,-1.86,开放申购|开放赎回
2013-10-11,1.7240,2.3287,2.2720,1.7250,1.89,开放申购|开放赎回
2013-10-14,1.7170,2.3192,2.2640,1.7180,-0.41,开放申购|开放赎回
2013-10-15,1.7110,2.3111,2.2560,1.7100,-0.35,开放申购|开放赎回
2013-10-16,1.6880,2.2801,2.2290,1.6890,-1.34,开放申购|开放赎回
2013-10-17,1.6810,2.2706,2.2210,1.6810,-0.41,开放申购|开放赎回
2013-10-18,1.6910,2.2841,2.2330,1.6930,0.59,开放申购|开放赎回
2013-10-21,1.7120,2.3125,2.2580,1.7140,1.24,开放申购|开放赎回
2013-10-22,1.6940,2.2882,2.2360,1.6940,-1.05,开放申购|开放赎回
2013-10-23,1.6920,2.2855,2.2340,1.6930,-0.12,开放申购|开放赎回
2013-10-24,1.6750,2.2625,2.2140,1.6740,-1.00,开放申购|开放赎回
2013-10-25,1.6650,2.2490,2.2020,1.6630,-0.60,开放申购|开放赎回
2013-10-28,1.6640,2.2477,2.2010,1.6650,-0.06,开放申购|开放赎回
2013-10-29,1.6880,2.2801,2.2290,1.6860,1.44,开放申购|开放赎回
2013-10-30,1.7080,2.3071,2.2530,1.7080,1.18,开放申购|开放赎回
2013-10-31,1.6850,2.2760,2.2260,1.6850,-1.35,开放申购|开放赎回
2013-11-01,1.6990,2.2949,2.2420,1.7000,0.83,开放申购|开放赎回
2013-11-04,1.6930,2.2868,2.2350,1.6930,-0.35,开放申购|开放赎回
2013-11-05,1.6870,2.2787,2.2280,1.6870,-0.35,开放申购|开放赎回
2013-11-06,1.6680,2.2531,2.2050,1.6690,-1.13,开放申购|开放赎回
2013-11-07,1.6640,2.2477,2.2010,1.6640,-0.24,开放申购|开放赎回
2013-11-08,1.6390,2.2139,2.1710,1.6390,-1.50,开放申购|开放赎回
2013-11-11,1.6430,2.2193,2.1760,1.6410,0.24,开放申购|开放赎回
2013-11-12,1.6630,2.2463,2.2000,1.6630,1.22,开放申购|开放赎回
2013-11-13,1.6200,2.1882,2.1490,1.6210,-2.59,开放申购|开放赎回
2013-11-14,1.6230,2.1923,2.1520,1.6220,0.19,开放申购|开放赎回
2013-11-15,1.6020,2.2370,2.1900,1.6000,2.04,开放申购|开放赎回
2013-11-18,1.6710,2.3333,2.2720,1.6750,4.31,开放申购|开放赎回
2013-11-19,1.6550,2.3110,2.2530,1.6560,-0.96,开放申购|开放赎回
2013-11-20,1.6590,2.3165,2.2580,1.6600,0.24,开放申购|开放赎回
2013-11-21,1.6440,2.2956,2.2400,1.6440,-0.90,开放申购|开放赎回
2013-11-22,1.6380,2.2872,2.2330,1.6390,-0.36,开放申购|开放赎回
2013-11-25,1.6290,2.2747,2.2220,1.6300,-0.55,开放申购|开放赎回
2013-11-26,1.6270,2.2719,2.2200,1.6270,-0.12,开放申购|开放赎回
2013-11-27,1.6440,2.2956,2.2400,1.6430,1.04,开放申购|开放赎回
2013-11-28,1.6600,2.3179,2.2590,1.6590,0.97,开放申购|开放赎回
2013-11-29,1.6560,2.3124,2.2540,1.6560,-0.24,开放申购|开放赎回
2013-12-02,1.6740,2.3375,2.2750,1.6750,1.09,开放申购|开放赎回
2013-12-03,1.6770,2.3417,2.2790,1.6760,0.18,开放申购|开放赎回
2013-12-04,1.6940,2.3654,2.2990,1.6960,1.01,开放申购|开放赎回
2013-12-05,1.6870,2.3556,2.2910,1.6900,-0.41,开放申购|开放赎回
2013-12-06,1.6700,2.3319,2.2710,1.6720,-1.01,开放申购|开放赎回
2013-12-09,1.6660,2.3263,2.2660,1.6660,-0.24,开放申购|开放赎回
2013-12-10,1.6660,2.3263,2.2660,1.6680,0.00,开放申购|开放赎回
2013-12-11,1.6350,2.2830,2.2290,1.6390,-1.86,开放申购|开放赎回
2013-12-12,1.6290,2.2747,2.2220,1.6290,-0.37,开放申购|开放赎回
2013-12-13,1.6240,2.2677,2.2160,1.6270,-0.31,开放申购|开放赎回
2013-12-16,1.6000,2.2342,2.1880,1.6030,-1.48,开放申购|开放赎回
2013-12-17,1.5960,2.2286,2.1830,1.5950,-0.25,开放申购|开放赎回
2013-12-18,1.5980,2.2314,2.1850,1.5990,0.13,开放申购|开放赎回
2013-12-19,1.5790,2.2048,2.1630,1.5810,-1.19,开放申购|开放赎回
2013-12-20,1.5370,2.1462,2.1130,1.5430,-2.66,开放申购|开放赎回
2013-12-23,1.5400,2.1504,2.1170,1.5420,0.20,开放申购|开放赎回
2013-12-24,1.5390,2.1490,2.1160,1.5400,-0.06,开放申购|开放赎回
2013-12-25,1.5470,2.1602,2.1250,1.5460,0.52,开放申购|开放赎回
2013-12-26,1.5250,2.1294,2.0990,1.5270,-1.42,开放申购|开放赎回
2013-12-27,1.5490,2.1629,2.1270,1.5490,1.57,开放申购|开放赎回
2013-12-30,1.5460,2.1588,2.1240,1.5480,-0.19,开放申购|开放赎回
2013-12-31,1.5730,2.1965,2.1560,1.5710,1.75,开放申购|开放赎回
2014-01-02,1.5590,2.1769,2.1390,1.5580,-0.89,开放申购|开放赎回
2014-01-03,1.5340,2.1420,2.1100,1.5350,-1.60,开放申购|开放赎回
2014-01-06,1.5110,2.1099,2.0820,1.5130,-1.50,开放申购|开放赎回
2014-01-07,1.5090,2.1071,2.0800,1.5120,-0.13,开放申购|开放赎回
2014-01-08,1.5130,2.1127,2.0850,1.5130,0.27,开放申购|开放赎回
2014-01-09,1.5020,2.0973,2.0720,1.5030,-0.73,开放申购|开放赎回
2014-01-10,1.4960,2.0889,2.0650,1.4970,-0.40,开放申购|开放赎回
2014-01-13,1.4930,2.0848,2.0610,1.4910,-0.20,开放申购|开放赎回
2014-01-14,1.4970,2.0903,2.0660,1.4950,0.27,开放申购|开放赎回
2014-01-15,1.4870,2.0764,2.0540,1.4870,-0.67,开放申购|开放赎回
2014-01-16,1.4910,2.0820,2.0590,1.4900,0.27,开放申购|开放赎回
2014-01-17,1.4740,2.0582,2.0390,1.4730,-1.14,开放申购|开放赎回
2014-01-20,1.4630,2.0429,2.0260,1.4650,-0.75,开放申购|开放赎回
2014-01-21,1.4770,2.0624,2.0420,1.4740,0.96,开放申购|开放赎回
2014-01-22,1.5120,2.1113,2.0840,1.5130,2.37,开放申购|开放赎回
2014-01-23,1.4970,2.0903,2.0660,1.4990,-0.99,开放申购|开放赎回
2014-01-24,1.5000,2.0945,2.0690,1.4990,0.20,开放申购|开放赎回
2014-01-27,1.4770,2.0624,2.0420,1.4780,-1.53,开放申购|开放赎回
2014-01-28,1.4860,2.0750,2.0530,1.4860,0.61,开放申购|开放赎回
2014-01-29,1.4930,2.0848,2.0610,1.4920,0.47,开放申购|开放赎回
2014-01-30,1.4750,2.0596,2.0400,1.4750,-1.21,开放申购|开放赎回
2014-02-07,1.4740,2.0582,2.0390,1.4720,-0.07,开放申购|开放赎回
2014-02-10,1.5030,2.0987,2.0730,1.5010,1.97,开放申购|开放赎回
2014-02-11,1.5250,2.1294,2.0990,1.5260,1.46,开放申购|开放赎回
2014-02-12,1.5240,2.1280,2.0980,1.5220,-0.07,开放申购|开放赎回
2014-02-13,1.5260,2.1308,2.1000,1.5270,0.13,开放申购|开放赎回
2014-02-14,1.5320,2.1392,2.1070,1.5300,0.39,开放申购|开放赎回
2014-02-17,1.5350,2.1434,2.1110,1.5340,0.20,开放申购|开放赎回
2014-02-18,1.5060,2.1029,2.0760,1.5060,-1.89,开放申购|开放赎回
2014-02-19,1.5310,2.1378,2.1060,1.5290,1.66,开放申购|开放赎回
2014-02-20,1.5180,2.1197,2.0910,1.5180,-0.85,开放申购|开放赎回
2014-02-21,1.5030,2.0987,2.0730,1.5020,-0.99,开放申购|开放赎回
2014-02-24,1.4660,2.0471,2.0290,1.4670,-2.46,开放申购|开放赎回
2014-02-25,1.4390,2.0094,1.9970,1.4400,-1.84,开放申购|开放赎回
2014-02-26,1.4430,2.0149,2.0020,1.4400,0.28,开放申购|开放赎回
2014-02-27,1.4510,2.0261,2.0110,1.4510,0.55,开放申购|开放赎回
2014-02-28,1.4620,2.0415,2.0240,1.4610,0.76,开放申购|开放赎回
2014-03-03,1.4600,2.0387,2.0220,1.4580,-0.14,开放申购|开放赎回
2014-03-04,1.4620,2.0415,2.0240,1.4590,0.14,开放申购|开放赎回
2014-03-05,1.4460,2.0191,2.0050,1.4440,-1.09,开放申购|开放赎回
2014-03-06,1.4570,2.0345,2.0180,1.4560,0.76,开放申购|开放赎回
2014-03-07,1.4540,2.0303,2.0150,1.4520,-0.21,开放申购|开放赎回
2014-03-10,1.4080,1.9661,1.9600,1.4080,-3.16,开放申购|开放赎回
2014-03-11,1.4120,1.9716,1.9650,1.4100,0.28,开放申购|开放赎回
2014-03-12,1.4180,1.9800,1.9720,1.4140,0.42,开放申购|开放赎回
2014-03-13,1.4360,2.0052,1.9940,1.4340,1.27,开放申购|开放赎回
2014-03-14,1.4250,1.9898,1.9810,1.4220,-0.77,开放申购|开放赎回
2014-03-17,1.4330,2.0010,1.9900,1.4340,0.56,开放申购|开放赎回
2014-03-18,1.4260,1.9912,1.9820,1.4250,-0.49,开放申购|开放赎回
2014-03-19,1.4180,1.9800,1.9720,1.4190,-0.56,开放申购|开放赎回
2014-03-20,1.4060,1.9633,1.9580,1.4080,-0.85,开放申购|开放赎回
2014-03-21,1.4620,2.0415,2.0240,1.4630,3.98,开放申购|开放赎回
2014-03-24,1.4760,2.0610,2.0410,1.4760,0.96,开放申购|开放赎回
2014-03-25,1.4680,2.0498,2.0310,1.4650,-0.54,开放申购|开放赎回
2014-03-26,1.4650,2.0457,2.0280,1.4630,-0.20,开放申购|开放赎回
2014-03-27,1.4620,2.0415,2.0240,1.4640,-0.20,开放申购|开放赎回
2014-03-28,1.4700,2.0526,2.0340,1.4710,0.55,开放申购|开放赎回
2014-03-31,1.4640,2.0443,2.0270,1.4640,-0.41,开放申购|开放赎回
2014-04-01,1.4710,2.0540,2.0350,1.4690,0.48,开放申购|开放赎回
2014-04-02,1.4890,2.0792,2.0560,1.4880,1.22,开放申购|开放赎回
2014-04-03,1.4760,2.0610,2.0410,1.4750,-0.87,开放申购|开放赎回
2014-04-04,1.4880,2.0778,2.0550,1.4880,0.81,开放申购|开放赎回
2014-04-08,1.5320,2.1392,2.1070,1.5320,2.96,开放申购|开放赎回
2014-04-09,1.5280,2.1336,2.1030,1.5280,-0.26,开放申购|开放赎回
2014-04-10,1.5660,2.1867,2.1470,1.5670,2.49,开放申购|开放赎回
2014-04-11,1.5610,2.1797,2.1420,1.5610,-0.32,开放申购|开放赎回
2014-04-14,1.5540,2.1699,2.1330,1.5520,-0.45,开放申购|开放赎回
2014-04-15,1.5200,2.1225,2.0930,1.5220,-2.19,开放申购|开放赎回
2014-04-16,1.5230,2.1266,2.0970,1.5220,0.20,开放申购|开放赎回
2014-04-17,1.5170,2.1183,2.0890,1.5160,-0.39,开放申购|开放赎回
2014-04-18,1.5180,2.1197,2.0910,1.5150,0.07,开放申购|开放赎回
2014-04-21,1.4910,2.0820,2.0590,1.4890,-1.78,开放申购|开放赎回
2014-04-22,1.5060,2.1029,2.0760,1.5050,1.01,开放申购|开放赎回
2014-04-23,1.5040,2.1001,2.0740,1.5050,-0.13,开放申购|开放赎回
2014-04-24,1.5070,2.1043,2.0780,1.5090,0.20,开放申购|开放赎回
2014-04-25,1.4980,2.0917,2.0670,1.5000,-0.60,开放申购|开放赎回
2014-04-28,1.4810,2.0680,2.0470,1.4830,-1.13,开放申购|开放赎回
2014-04-29,1.4930,2.0848,2.0610,1.4930,0.81,开放申购|开放赎回
2014-04-30,1.4910,2.0820,2.0590,1.4920,-0.13,开放申购|开放赎回
2014-05-05,1.4840,2.0722,2.0500,1.4830,-0.47,开放申购|开放赎回
2014-05-06,1.4810,2.0680,2.0470,1.4810,-0.20,开放申购|开放赎回
2014-05-07,1.4720,2.0554,2.0360,1.4730,-0.61,开放申购|开放赎回
2014-05-08,1.4750,2.0596,2.0400,1.4760,0.20,开放申购|开放赎回
2014-05-09,1.4770,2.0624,2.0420,1.4760,0.14,开放申购|开放赎回
2014-05-12,1.5040,2.1001,2.0740,1.5030,1.83,开放申购|开放赎回
2014-05-13,1.4990,2.0931,2.0680,1.4960,-0.33,开放申购|开放赎回
2014-05-14,1.4960,2.0889,2.0650,1.4980,-0.20,开放申购|开放赎回
2014-05-15,1.4840,2.0722,2.0500,1.4840,-0.80,开放申购|开放赎回
2014-05-16,1.4840,2.0722,2.0500,1.4810,0.00,开放申购|开放赎回
2014-05-19,1.4560,2.0331,2.0170,1.4570,-1.89,开放申购|开放赎回
2014-05-20,1.4570,2.0345,2.0180,1.4550,0.07,开放申购|开放赎回
2014-05-21,1.4700,2.0526,2.0340,1.4690,0.89,开放申购|开放赎回
2014-05-22,1.4690,2.0512,2.0330,1.4660,-0.07,开放申购|开放赎回
2014-05-23,1.4810,2.0680,2.0470,1.4800,0.82,开放申购|开放赎回
2014-05-26,1.4830,2.0708,2.0490,1.4820,0.14,开放申购|开放赎回
2014-05-27,1.4770,2.0624,2.0420,1.4780,-0.40,开放申购|开放赎回
2014-05-28,1.4880,2.0778,2.0550,1.4880,0.74,开放申购|开放赎回
2014-05-29,1.4810,2.0680,2.0470,1.4820,-0.47,开放申购|开放赎回
2014-05-30,1.4790,2.0652,2.0440,1.4770,-0.14,开放申购|开放赎回
2014-06-03,1.4750,2.0596,2.0400,1.4730,-0.27,开放申购|开放赎回
2014-06-04,1.4640,2.0443,2.0270,1.4640,-0.75,开放申购|开放赎回
2014-06-05,1.4820,2.0694,2.0480,1.4810,1.23,开放申购|开放赎回
2014-06-06,1.4700,2.0526,2.0340,1.4690,-0.81,开放申购|开放赎回
2014-06-09,1.4730,2.0568,2.0370,1.4720,0.20,开放申购|开放赎回
2014-06-10,1.4900,2.0806,2.0580,1.4900,1.15,开放申购|开放赎回
2014-06-11,1.4860,2.0750,2.0530,1.4840,-0.27,开放申购|开放赎回
2014-06-12,1.4810,2.0680,2.0470,1.4810,-0.34,开放申购|开放赎回
2014-06-13,1.5000,2.0945,2.0690,1.5000,1.28,开放申购|开放赎回
2014-06-16,1.5160,2.1169,2.0880,1.5160,1.07,开放申购|开放赎回
2014-06-17,1.5010,2.0959,2.0710,1.5020,-0.99,开放申购|开放赎回
2014-06-18,1.4950,2.0875,2.0630,1.4960,-0.40,开放申购|开放赎回
2014-06-19,1.4780,2.0638,2.0430,1.4780,-1.14,开放申购|开放赎回
2014-06-20,1.4870,2.0764,2.0540,1.4850,0.61,开放申购|开放赎回
2014-06-23,1.4810,2.0680,2.0470,1.4800,-0.40,开放申购|开放赎回
2014-06-24,1.4890,2.0792,2.0560,1.4890,0.54,开放申购|开放赎回
2014-06-25,1.4820,2.0694,2.0480,1.4820,-0.47,开放申购|开放赎回
2014-06-26,1.4900,2.0806,2.0580,1.4900,0.54,开放申购|开放赎回
2014-06-27,1.4870,2.0764,2.0540,1.4860,-0.20,开放申购|开放赎回
2014-06-30,1.4960,2.0889,2.0650,1.4970,0.61,开放申购|开放赎回
2014-07-01,1.4950,2.0875,2.0630,1.4930,-0.07,开放申购|开放赎回
2014-07-02,1.4990,2.0931,2.0680,1.5010,0.27,开放申购|开放赎回
2014-07-03,1.5070,2.1043,2.0780,1.5050,0.53,开放申购|开放赎回
2014-07-04,1.5090,2.1071,2.0800,1.5100,0.13,开放申购|开放赎回
2014-07-07,1.5100,2.1085,2.0810,1.5110,0.07,开放申购|开放赎回
2014-07-08,1.5090,2.1071,2.0800,1.5080,-0.07,开放申购|开放赎回
2014-07-09,1.4920,2.0834,2.0600,1.4920,-1.13,开放申购|开放赎回
2014-07-10,1.4900,2.0806,2.0580,1.4910,-0.13,开放申购|开放赎回
2014-07-11,1.4960,2.0889,2.0650,1.4980,0.40,开放申购|开放赎回
2014-07-14,1.5120,2.1113,2.0840,1.5110,1.07,开放申购|开放赎回
2014-07-15,1.5140,2.1141,2.0860,1.5130,0.13,开放申购|开放赎回
2014-07-16,1.5140,2.1141,2.0860,1.5120,0.00,开放申购|开放赎回
2014-07-17,1.5070,2.1043,2.0780,1.5070,-0.46,开放申购|开放赎回
2014-07-18,1.5160,2.1169,2.0880,1.5160,0.60,开放申购|开放赎回
2014-07-21,1.5170,2.1183,2.0890,1.5150,0.07,开放申购|开放赎回
2014-07-22,1.5330,2.1406,2.1080,1.5330,1.05,开放申购|开放赎回
2014-07-23,1.5440,2.1560,2.1210,1.5450,0.72,开放申购|开放赎回
2014-07-24,1.5800,2.2062,2.1640,1.5800,2.33,开放申购|开放赎回
2014-07-25,1.5950,2.2272,2.1820,1.5960,0.95,开放申购|开放赎回
2014-07-28,1.6470,2.2998,2.2430,1.6470,3.26,开放申购|开放赎回
2014-07-29,1.6500,2.3040,2.2470,1.6500,0.18,开放申购|开放赎回
2014-07-30,1.6420,2.2928,2.2370,1.6420,-0.48,开放申购|开放赎回
2014-07-31,1.6630,2.3221,2.2620,1.6660,1.28,开放申购|开放赎回
2014-08-01,1.6490,2.3026,2.2460,1.6490,-0.84,开放申购|开放赎回
2014-08-04,1.6850,2.3529,2.2880,1.6850,2.18,开放申购|开放赎回
2014-08-05,1.6730,2.3361,2.2740,1.6720,-0.71,开放申购|开放赎回
2014-08-06,1.6590,2.3165,2.2580,1.6580,-0.84,开放申购|开放赎回
2014-08-07,1.6340,2.2816,2.2280,1.6330,-1.51,开放申购|开放赎回
2014-08-08,1.6370,2.2858,2.2320,1.6370,0.18,开放申购|开放赎回
2014-08-11,1.6600,2.3179,2.2590,1.6590,1.41,开放申购|开放赎回
2014-08-12,1.6490,2.3026,2.2460,1.6470,-0.66,开放申购|开放赎回
2014-08-13,1.6510,2.3054,2.2480,1.6510,0.12,开放申购|开放赎回
2014-08-14,1.6370,2.2858,2.2320,1.6370,-0.85,开放申购|开放赎回
2014-08-15,1.6530,2.3082,2.2500,1.6530,0.98,开放申购|开放赎回
2014-08-18,1.6540,2.3096,2.2520,1.6540,0.06,开放申购|开放赎回
2014-08-19,1.6500,2.3040,2.2470,1.6490,-0.24,开放申购|开放赎回
2014-08-20,1.6420,2.2928,2.2370,1.6450,-0.48,开放申购|开放赎回
2014-08-21,1.6290,2.2747,2.2220,1.6290,-0.79,开放申购|开放赎回
2014-08-22,1.6350,2.2830,2.2290,1.6350,0.37,开放申购|开放赎回
2014-08-25,1.6190,2.2607,2.2100,1.6200,-0.98,开放申购|开放赎回
2014-08-26,1.6150,2.2551,2.2050,1.6170,-0.25,开放申购|开放赎回
2014-08-27,1.6140,2.2537,2.2040,1.6150,-0.06,开放申购|开放赎回
2014-08-28,1.6050,2.2411,2.1940,1.6120,-0.56,开放申购|开放赎回
2014-08-29,1.6220,2.2649,2.2140,1.6230,1.06,开放申购|开放赎回
2014-09-01,1.6270,2.2719,2.2200,1.6260,0.31,开放申购|开放赎回
2014-09-02,1.6480,2.3012,2.2450,1.6490,1.29,开放申购|开放赎回
2014-09-03,1.6650,2.3249,2.2650,1.6670,1.03,开放申购|开放赎回
2014-09-04,1.6780,2.3431,2.2800,1.6790,0.78,开放申购|开放赎回
2014-09-05,1.6970,2.3696,2.3030,1.6990,1.13,开放申购|开放赎回
2014-09-09,1.6860,2.3542,2.2900,1.6850,-0.65,开放申购|开放赎回
2014-09-10,1.6710,2.3333,2.2720,1.6710,-0.89,开放申购|开放赎回
2014-09-11,1.6630,2.3221,2.2620,1.6660,-0.48,开放申购|开放赎回
2014-09-12,1.6720,2.3347,2.2730,1.6750,0.54,开放申购|开放赎回
2014-09-15,1.6660,2.3263,2.2660,1.6690,-0.36,开放申购|开放赎回
2014-09-16,1.6430,2.2942,2.2390,1.6440,-1.38,开放申购|开放赎回
2014-09-17,1.6470,2.2998,2.2430,1.6480,0.24,开放申购|开放赎回
2014-09-18,1.6520,2.3068,2.2490,1.6520,0.30,开放申购|开放赎回
2014-09-19,1.6620,2.3207,2.2610,1.6650,0.61,开放申购|开放赎回
2014-09-22,1.6260,2.2705,2.2190,1.6280,-2.17,开放申购|开放赎回
2014-09-23,1.6380,2.2872,2.2330,1.6400,0.74,开放申购|开放赎回
2014-09-24,1.6680,2.3291,2.2680,1.6720,1.83,开放申购|开放赎回
2014-09-25,1.6610,2.3193,2.2600,1.6610,-0.42,开放申购|开放赎回
2014-09-26,1.6580,2.3152,2.2560,1.6620,-0.18,开放申购|开放赎回
2014-09-29,1.6640,2.3235,2.2640,1.6670,0.36,开放申购|开放赎回
2014-09-30,1.6620,2.3207,2.2610,1.6660,-0.12,开放申购|开放赎回
2014-10-08,1.6760,2.3403,2.2780,1.6760,0.84,开放申购|开放赎回
2014-10-09,1.6760,2.3403,2.2780,1.6770,0.00,开放申购|开放赎回
2014-10-10,1.6640,2.3235,2.2640,1.6640,-0.72,开放申购|开放赎回
2014-10-13,1.6480,2.3012,2.2450,1.6530,-0.96,开放申购|开放赎回
2014-10-14,1.6430,2.2942,2.2390,1.6430,-0.30,开放申购|开放赎回
2014-10-15,1.6550,2.3110,2.2530,1.6600,0.73,开放申购|开放赎回
2014-10-16,1.6510,2.3054,2.2480,1.6550,-0.24,开放申购|开放赎回
2014-10-17,1.6510,2.3054,2.2480,1.6500,0.00,开放申购|开放赎回
2014-10-20,1.6550,2.3110,2.2530,1.6550,0.24,开放申购|开放赎回
2014-10-21,1.6430,2.2942,2.2390,1.6460,-0.73,开放申购|开放赎回
2014-10-22,1.6400,2.2900,2.2350,1.6440,-0.18,开放申购|开放赎回
2014-10-23,1.6290,2.2747,2.2220,1.6320,-0.67,开放申购|开放赎回
2014-10-24,1.6260,2.2705,2.2190,1.6290,-0.18,开放申购|开放赎回
2014-10-27,1.6030,2.2384,2.1910,1.6040,-1.41,开放申购|开放赎回
2014-10-28,1.6280,2.2733,2.2210,1.6290,1.56,开放申购|开放赎回
2014-10-29,1.6510,2.3054,2.2480,1.6510,1.41,开放申购|开放赎回
2014-10-30,1.6620,2.3207,2.2610,1.6630,0.67,开放申购|开放赎回
2014-10-31,1.7010,2.3752,2.3070,1.7050,2.35,开放申购|开放赎回
2014-11-03,1.6940,2.3654,2.2990,1.6950,-0.41,开放申购|开放赎回
2014-11-04,1.6890,2.3584,2.2930,1.6900,-0.30,开放申购|开放赎回
2014-11-05,1.6820,2.3487,2.2850,1.6850,-0.41,开放申购|开放赎回
2014-11-06,1.6800,2.3459,2.2820,1.6820,-0.12,开放申购|开放赎回
2014-11-07,1.6840,2.3515,2.2870,1.6870,0.24,开放申购|开放赎回
2014-11-10,1.7330,2.4199,2.3450,1.7350,2.91,开放申购|开放赎回
2014-11-11,1.7550,2.4506,2.3710,1.7570,1.27,开放申购|开放赎回
2014-11-12,1.7740,2.4771,2.3940,1.7760,1.08,开放申购|开放赎回
2014-11-13,1.7700,2.4715,2.3890,1.7750,-0.23,开放申购|开放赎回
2014-11-14,1.7710,2.4729,2.3900,1.7740,0.06,开放申购|开放赎回
2014-11-17,1.7080,2.4443,2.3660,1.7090,-1.16,开放申购|开放赎回
2014-11-18,1.6790,2.4028,2.3320,1.6840,-1.70,开放申购|开放赎回
2014-11-19,1.6720,2.3928,2.3240,1.6750,-0.42,开放申购|开放赎回
2014-11-20,1.6770,2.4000,2.3300,1.6780,0.30,开放申购|开放赎回
2014-11-21,1.7140,2.4529,2.3740,1.7200,2.21,开放申购|开放赎回
2014-11-24,1.7560,2.5130,2.4230,1.7590,2.45,开放申购|开放赎回
2014-11-25,1.7740,2.5388,2.4450,1.7740,1.03,开放申购|开放赎回
2014-11-26,1.8150,2.5974,2.4930,1.8160,2.31,开放申购|开放赎回
2014-11-27,1.8490,2.6461,2.5330,1.8510,1.87,开放申购|开放赎回
2014-11-28,1.9100,2.7334,2.6060,1.9120,3.30,开放申购|开放赎回
2014-12-01,1.9170,2.7434,2.6140,1.9180,0.37,开放申购|开放赎回
2014-12-02,2.0170,2.8865,2.7320,2.0230,5.22,开放申购|开放赎回
2014-12-03,2.0320,2.9080,2.7500,2.0330,0.74,开放申购|开放赎回
2014-12-04,2.1500,3.0769,2.8900,2.1790,5.81,开放申购|开放赎回
2014-12-05,2.1880,3.1312,2.9350,2.1960,1.77,开放申购|开放赎回
2014-12-08,2.2830,3.2672,3.0470,2.3120,4.34,开放申购|开放赎回
2014-12-09,2.1680,3.1026,2.9110,2.1690,-5.04,开放申购|开放赎回
2014-12-10,2.2340,3.1971,2.9890,2.2390,3.04,开放申购|开放赎回
2014-12-11,2.1790,3.1184,2.9240,2.1820,-2.46,开放申购|开放赎回
2014-12-12,2.1780,3.1169,2.9230,2.1820,-0.05,开放申购|开放赎回
2014-12-15,2.1830,3.1241,2.9290,2.1840,0.23,开放申购|开放赎回
2014-12-16,2.2760,3.2572,3.0390,2.2810,4.26,开放申购|开放赎回
2014-12-17,2.3540,3.3688,3.1310,2.3560,3.43,开放申购|开放赎回
2014-12-18,2.3350,3.3416,3.1090,2.3380,-0.81,开放申购|开放赎回
2014-12-19,2.3590,3.3760,3.1370,2.3680,1.03,开放申购|开放赎回
2014-12-22,2.3990,3.4332,3.1850,2.4050,1.70,开放申购|开放赎回
2014-12-23,2.3500,3.3631,3.1270,2.3530,-2.04,开放申购|开放赎回
2014-12-24,2.2530,3.2243,3.0120,2.2560,-4.13,开放申购|开放赎回
2014-12-25,2.3380,3.3459,3.1120,2.3440,3.77,开放申购|开放赎回
2014-12-26,2.4350,3.4847,3.2270,2.4520,4.15,开放申购|开放赎回
2014-12-29,2.4520,3.5091,3.2470,2.4590,0.70,开放申购|开放赎回
2014-12-30,2.4910,3.5649,3.2930,2.4920,1.59,开放申购|开放赎回
2014-12-31,2.5460,3.6436,3.3590,2.5520,2.21,开放申购|开放赎回
2015-01-05,2.6110,3.7366,3.4360,2.6220,2.55,开放申购|开放赎回
2015-01-06,2.5890,3.7051,3.4090,2.5920,-0.84,开放申购|开放赎回
2015-01-07,2.5900,3.7065,3.4110,2.5880,0.04,开放申购|开放赎回
2015-01-08,2.5130,3.5964,3.3190,2.5180,-2.97,开放申购|开放赎回
2015-01-09,2.5220,3.6092,3.3300,2.5240,0.36,开放申购|开放赎回
2015-01-12,2.5010,3.5792,3.3050,2.5000,-0.83,开放申购|开放赎回
2015-01-13,2.4860,3.5577,3.2880,2.4850,-0.60,开放申购|开放赎回
2015-01-14,2.4920,3.5663,3.2950,2.4940,0.24,开放申购|开放赎回
2015-01-15,2.5860,3.7008,3.4060,2.5860,3.77,开放申购|开放赎回
2015-01-16,2.6040,3.7266,3.4270,2.6040,0.70,开放申购|开放赎回
2015-01-19,2.3700,3.3917,3.1500,2.3440,-8.99,开放申购|开放赎回
2015-01-20,2.3650,3.3845,3.1440,2.3610,-0.21,开放申购|开放赎回
2015-01-21,2.5000,3.5777,3.3040,2.5030,5.71,开放申购|开放赎回
2015-01-22,2.5040,3.5835,3.3090,2.4990,0.16,开放申购|开放赎回
2015-01-23,2.5230,3.6107,3.3310,2.5240,0.76,开放申购|开放赎回
2015-01-26,2.5210,3.6078,3.3290,2.5190,-0.08,开放申购|开放赎回
2015-01-27,2.4830,3.5534,3.2840,2.4780,-1.51,开放申购|开放赎回
2015-01-28,2.4460,3.5005,3.2400,2.4420,-1.49,开放申购|开放赎回
2015-01-29,2.4020,3.4375,3.1880,2.4000,-1.80,开放申购|开放赎回
2015-01-30,2.3670,3.3874,3.1470,2.3670,-1.46,开放申购|开放赎回
2015-02-02,2.2990,3.2901,3.0660,2.2990,-2.87,开放申购|开放赎回
2015-02-03,2.3690,3.3903,3.1490,2.3670,3.04,开放申购|开放赎回
2015-02-04,2.3380,3.3459,3.1120,2.3340,-1.31,开放申购|开放赎回
2015-02-05,2.3170,3.3159,3.0870,2.3160,-0.90,开放申购|开放赎回
2015-02-06,2.2930,3.2815,3.0590,2.2910,-1.04,开放申购|开放赎回
2015-02-09,2.3330,3.3388,3.1060,2.3310,1.74,开放申购|开放赎回
2015-02-10,2.3690,3.3903,3.1490,2.3690,1.54,开放申购|开放赎回
2015-02-11,2.3810,3.4074,3.1630,2.3800,0.51,开放申购|开放赎回
2015-02-12,2.3830,3.4103,3.1660,2.3840,0.08,开放申购|开放赎回
2015-02-13,2.3930,3.4246,3.1770,2.3900,0.42,开放申购|开放赎回
2015-02-16,2.3960,3.4289,3.1810,2.3940,0.13,开放申购|开放赎回
2015-02-17,2.4100,3.4489,3.1980,2.4110,0.58,开放申购|开放赎回
2015-02-25,2.3720,3.3946,3.1530,2.3700,-1.58,开放申购|开放赎回
2015-02-26,2.4430,3.4962,3.2370,2.4500,2.99,开放申购|开放赎回
2015-02-27,2.4410,3.4933,3.2340,2.4380,-0.08,开放申购|开放赎回
2015-03-02,2.4440,3.4976,3.2380,2.4410,0.12,开放申购|开放赎回
2015-03-03,2.3630,3.3817,3.1420,2.3640,-3.31,开放申购|开放赎回
2015-03-04,2.3650,3.3845,3.1440,2.3620,0.08,开放申购|开放赎回
2015-03-05,2.3350,3.3416,3.1090,2.3340,-1.27,开放申购|开放赎回
2015-03-06,2.3390,3.3473,3.1140,2.3390,0.17,开放申购|开放赎回
2015-03-09,2.3950,3.4275,3.1800,2.3970,2.39,开放申购|开放赎回
2015-03-10,2.3620,3.3803,3.1410,2.3590,-1.38,开放申购|开放赎回
2015-03-11,2.3750,3.3989,3.1560,2.3740,0.55,开放申购|开放赎回
2015-03-12,2.4490,3.5048,3.2440,2.4480,3.12,开放申购|开放赎回
2015-03-13,2.4590,3.5191,3.2560,2.4550,0.41,开放申购|开放赎回
2015-03-16,2.5130,3.5964,3.3190,2.5100,2.20,开放申购|开放赎回
2015-03-17,2.5440,3.6407,3.3560,2.5430,1.23,开放申购|开放赎回
2015-03-18,2.6090,3.7337,3.4330,2.6110,2.56,开放申购|开放赎回
2015-03-19,2.5900,3.7065,3.4110,2.5870,-0.73,开放申购|开放赎回
2015-03-20,2.6390,3.7767,3.4690,2.6350,1.89,开放申购|开放赎回
2015-03-23,2.6780,3.8325,3.5150,2.6760,1.48,开放申购|开放赎回
2015-03-24,2.6420,3.7810,3.4720,2.6380,-1.34,开放申购|开放赎回
2015-03-25,2.6080,3.7323,3.4320,2.6040,-1.29,开放申购|开放赎回
2015-03-26,2.6450,3.7853,3.4760,2.6430,1.42,开放申购|开放赎回
2015-03-27,2.6470,3.7881,3.4780,2.6490,0.08,开放申购|开放赎回
2015-03-30,2.7400,3.9212,3.5880,2.7400,3.51,开放申购|开放赎回
2015-03-31,2.7110,3.8797,3.5540,2.7070,-1.06,开放申购|开放赎回
2015-04-01,2.7550,3.9427,3.6060,2.7530,1.62,开放申购|开放赎回
2015-04-02,2.7370,3.9169,3.5850,2.7390,-0.65,开放申购|开放赎回
2015-04-03,2.7730,3.9684,3.6270,2.7730,1.32,开放申购|开放赎回
2015-04-07,2.8430,4.0686,3.7100,2.8420,2.52,开放申购|开放赎回
2015-04-08,2.9040,4.1559,3.7820,2.8980,2.15,开放申购|开放赎回
2015-04-09,2.8840,4.1273,3.7590,2.8770,-0.69,开放申购|开放赎回
2015-04-10,2.9370,4.2031,3.8210,2.9360,1.84,开放申购|开放赎回
2015-04-13,2.9900,4.2790,3.8840,2.9910,1.80,开放申购|开放赎回
2015-04-14,3.0010,4.2947,3.8970,2.9990,0.37,开放申购|开放赎回
2015-04-15,3.0020,4.2962,3.8980,3.0110,0.03,开放申购|开放赎回
2015-04-16,3.1280,4.4765,4.0480,3.1450,4.20,开放申购|开放赎回
2015-04-17,3.1770,4.5466,4.1060,3.1850,1.57,开放申购|开放赎回
2015-04-20,3.1090,4.4493,4.0250,3.1030,-2.14,开放申购|开放赎回
2015-04-21,3.1570,4.5180,4.0820,3.1410,1.54,开放申购|开放赎回
2015-04-22,3.2400,4.6368,4.1800,3.2410,2.63,开放申购|开放赎回
2015-04-23,3.2150,4.6010,4.1510,3.2120,-0.77,开放申购|开放赎回
2015-04-24,3.1670,4.5323,4.0940,3.1710,-1.49,开放申购|开放赎回
2015-04-27,3.2490,4.6496,4.1910,3.2550,2.59,开放申购|开放赎回
2015-04-28,3.2240,4.6139,4.1610,3.2280,-0.77,开放申购|开放赎回
2015-04-29,3.2240,4.6139,4.1610,3.2200,0.00,开放申购|开放赎回
2015-04-30,3.1940,4.5709,4.1260,3.1980,-0.93,开放申购|开放赎回
2015-05-04,3.2140,4.5996,4.1490,3.2110,0.63,开放申购|开放赎回
2015-05-05,3.0950,4.4293,4.0080,3.0960,-3.70,开放申购|开放赎回
2015-05-06,3.0860,4.4164,3.9980,3.0830,-0.29,开放申购|开放赎回
2015-05-07,3.0430,4.3548,3.9470,3.0450,-1.39,开放申购|开放赎回
2015-05-08,3.0580,4.3763,3.9650,3.0550,0.49,开放申购|开放赎回
2015-05-11,3.1150,4.4579,4.0320,3.1100,1.86,开放申购|开放赎回
2015-05-12,3.1330,4.4836,4.0530,3.1290,0.58,开放申购|开放赎回
2015-05-13,3.0880,4.4192,4.0000,3.0840,-1.44,开放申购|开放赎回
2015-05-14,3.0750,4.4006,3.9850,3.0730,-0.42,开放申购|开放赎回
2015-05-15,3.0100,4.3076,3.9080,3.0060,-2.11,开放申购|开放赎回
2015-05-18,2.9500,4.2217,3.8370,2.9460,-1.99,开放申购|开放赎回
2015-05-19,3.0630,4.3835,3.9710,3.0660,3.83,开放申购|开放赎回
2015-05-20,3.0760,4.4021,3.9860,3.0660,0.42,开放申购|开放赎回
2015-05-21,3.1030,4.4407,4.0180,3.1040,0.88,开放申购|开放赎回
2015-05-22,3.1970,4.5752,4.1290,3.1990,3.03,开放申购|开放赎回
2015-05-25,3.2920,4.7112,4.2420,3.3030,2.97,开放申购|开放赎回
2015-05-26,3.3260,4.7598,4.2820,3.3200,1.03,开放申购|开放赎回
2015-05-27,3.2900,4.7083,4.2390,3.2850,-1.08,开放申购|开放赎回
2015-05-28,3.0800,4.4078,3.9910,3.0790,-6.38,开放申购|开放赎回
2015-05-29,3.0670,4.3892,3.9750,3.0660,-0.42,开放申购|开放赎回
2015-06-01,3.1960,4.5738,4.1280,3.1980,4.21,开放申购|开放赎回
2015-06-02,3.2090,4.5924,4.1430,3.2090,0.41,开放申购|开放赎回
2015-06-03,3.1950,4.5724,4.1270,3.1910,-0.44,开放申购|开放赎回
2015-06-04,3.2540,4.6568,4.1970,3.2590,1.85,开放申购|开放赎回
2015-06-05,3.2580,4.6625,4.2010,3.2540,0.12,开放申购|开放赎回
2015-06-08,3.4100,4.8800,4.3810,3.4270,4.67,开放申购|开放赎回
2015-06-09,3.3670,4.8185,4.3300,3.3610,-1.26,开放申购|开放赎回
2015-06-10,3.3270,4.7613,4.2830,3.3200,-1.19,开放申购|开放赎回
2015-06-11,3.3060,4.7312,4.2580,3.3000,-0.63,开放申购|开放赎回
2015-06-12,3.3100,4.7369,4.2630,3.3130,0.12,开放申购|开放赎回
2015-06-15,3.2240,4.6139,4.1610,3.2160,-2.60,开放申购|开放赎回
2015-06-16,3.1480,4.5051,4.0710,3.1480,-2.36,开放申购|开放赎回
2015-06-17,3.1790,4.5495,4.1080,3.1750,0.98,开放申购|开放赎回
2015-06-18,3.0380,4.3477,3.9410,3.0420,-4.44,开放申购|开放赎回
2015-06-19,2.8790,4.1201,3.7530,2.8740,-5.23,开放申购|开放赎回
2015-06-23,2.9820,4.2675,3.8750,2.9760,3.58,开放申购|开放赎回
2015-06-24,3.0240,4.3276,3.9240,3.0180,1.41,开放申购|开放赎回
2015-06-25,2.9230,4.1831,3.8050,2.9190,-3.34,开放申购|开放赎回
2015-06-26,2.7170,3.8883,3.5610,2.6860,-7.05,开放申购|开放赎回
2015-06-29,2.6560,3.8010,3.4890,2.6600,-2.25,开放申购|开放赎回
2015-06-30,2.8470,4.0743,3.7150,2.8510,7.19,开放申购|开放赎回
2015-07-01,2.7150,3.8854,3.5590,2.7280,-4.64,开放申购|开放赎回
2015-07-02,2.6930,3.8539,3.5330,2.6840,-0.81,开放申购|开放赎回
2015-07-03,2.5720,3.6808,3.3890,2.5790,-4.49,开放申购|开放赎回
2015-07-06,2.7390,3.9198,3.5870,2.7420,6.49,开放申购|开放赎回
2015-07-07,2.8050,4.0142,3.6650,2.7900,2.41,开放申购|开放赎回
2015-07-08,2.6050,3.7280,3.4280,2.6040,-7.13,开放申购|开放赎回
2015-07-09,2.7740,3.9699,3.6280,2.7920,6.49,开放申购|开放赎回
2015-07-10,2.8930,4.1402,3.7690,2.9050,4.29,开放申购|开放赎回
2015-07-13,2.8640,4.0987,3.7350,2.8620,-1.00,开放申购|开放赎回
2015-07-14,2.7590,3.9484,3.6110,2.7620,-3.67,开放申购|开放赎回
2015-07-15,2.7540,3.9412,3.6050,2.7490,-0.18,开放申购|开放赎回
2015-07-16,2.7390,3.9198,3.5870,2.7400,-0.54,开放申购|开放赎回
2015-07-17,2.8040,4.0128,3.6640,2.8030,2.37,开放申购|开放赎回
2015-07-20,2.7810,3.9799,3.6370,2.7770,-0.82,开放申购|开放赎回
2015-07-21,2.7700,3.9641,3.6240,2.7680,-0.40,开放申购|开放赎回
2015-07-22,2.7400,3.9212,3.5880,2.7370,-1.08,开放申购|开放赎回
2015-07-23,2.7910,3.9942,3.6490,2.7940,1.86,开放申购|开放赎回
2015-07-24,2.7410,3.9226,3.5890,2.7450,-1.79,开放申购|开放赎回
2015-07-27,2.4960,3.5720,3.2990,2.4940,-8.94,开放申购|开放赎回
2015-07-28,2.4880,3.5606,3.2900,2.4840,-0.32,开放申购|开放赎回
2015-07-29,2.5340,3.6264,3.3440,2.5340,1.85,开放申购|开放赎回
2015-07-30,2.4700,3.5348,3.2690,2.4690,-2.53,开放申购|开放赎回
2015-07-31,2.4640,3.5262,3.2610,2.4620,-0.24,开放申购|开放赎回
2015-08-03,2.4830,3.5534,3.2840,2.4780,0.77,开放申购|开放赎回
2015-08-04,2.5370,3.6307,3.3480,2.5400,2.17,开放申购|开放赎回
2015-08-05,2.4900,3.5634,3.2920,2.4910,-1.85,开放申购|开放赎回
2015-08-06,2.4700,3.5348,3.2690,2.4710,-0.80,开放申购|开放赎回
2015-08-07,2.5060,3.5863,3.3110,2.5040,1.46,开放申购|开放赎回
2015-08-10,2.6180,3.7466,3.4440,2.6160,4.47,开放申购|开放赎回
2015-08-11,2.5910,3.7080,3.4120,2.5900,-1.03,开放申购|开放赎回
2015-08-12,2.5610,3.6650,3.3760,2.5640,-1.16,开放申购|开放赎回
2015-08-13,2.5810,3.6937,3.4000,2.5760,0.78,开放申购|开放赎回
2015-08-14,2.5780,3.6894,3.3960,2.5750,-0.12,开放申购|开放赎回
2015-08-17,2.5520,3.6522,3.3660,2.5480,-1.01,开放申购|开放赎回
2015-08-18,2.4100,3.4489,3.1980,2.4100,-5.56,开放申购|开放赎回
2015-08-19,2.4320,3.4804,3.2240,2.4270,0.91,开放申购|开放赎回
2015-08-20,2.3600,3.3774,3.1380,2.3610,-2.96,开放申购|开放赎回
2015-08-21,2.2750,3.2558,3.0380,2.2740,-3.60,开放申购|开放赎回
2015-08-24,2.0630,2.9524,2.7870,2.0470,-9.32,开放申购|开放赎回
2015-08-25,1.9210,2.7491,2.6190,1.8860,-6.88,开放申购|开放赎回
2015-08-26,1.9490,2.7892,2.6520,1.9460,1.46,开放申购|开放赎回
2015-08-27,2.0990,3.0039,2.8290,2.1100,7.70,开放申购|开放赎回
2015-08-28,2.1630,3.0955,2.9050,2.1680,3.05,开放申购|开放赎回
2015-08-31,2.2130,3.1670,2.9640,2.2090,2.31,开放申购|开放赎回
2015-09-01,2.2320,3.1942,2.9870,2.2280,0.86,开放申购|开放赎回
2015-09-02,2.2460,3.2142,3.0030,2.2360,0.63,开放申购|开放赎回
2015-09-07,2.1370,3.0583,2.8740,2.1400,-4.85,开放申购|开放赎回
2015-09-08,2.1830,3.1241,2.9290,2.1770,2.15,开放申购|开放赎回
2015-09-09,2.2140,3.1685,2.9660,2.2090,1.42,开放申购|开放赎回
2015-09-10,2.2120,3.1656,2.9630,2.2060,-0.09,开放申购|开放赎回
2015-09-11,2.1990,3.1470,2.9480,2.1930,-0.59,开放申购|开放赎回
2015-09-14,2.2310,3.1928,2.9860,2.2230,1.46,开放申购|开放赎回
2015-09-15,2.1790,3.1184,2.9240,2.1670,-2.33,开放申购|开放赎回
2015-09-16,2.2440,3.2114,3.0010,2.2420,2.98,开放申购|开放赎回
2015-09-17,2.1980,3.1456,2.9470,2.1980,-2.05,开放申购|开放赎回
2015-09-18,2.2020,3.1513,2.9510,2.1980,0.18,开放申购|开放赎回
2015-09-21,2.2170,3.1727,2.9690,2.2120,0.68,开放申购|开放赎回
2015-09-22,2.2400,3.2057,2.9960,2.2370,1.04,开放申购|开放赎回
2015-09-23,2.1830,3.1241,2.9290,2.1800,-2.54,开放申购|开放赎回
2015-09-24,2.1920,3.1370,2.9390,2.1870,0.41,开放申购|开放赎回
2015-09-25,2.1870,3.1298,2.9340,2.1710,-0.23,开放申购|开放赎回
2015-09-28,2.1740,3.1112,2.9180,2.1740,-0.59,开放申购|开放赎回
2015-09-29,2.1320,3.0511,2.8680,2.1270,-1.93,开放申购|开放赎回
2015-09-30,2.1510,3.0783,2.8910,2.1470,0.89,开放申购|开放赎回
2015-10-08,2.1950,3.1413,2.9430,2.1960,2.05,开放申购|开放赎回
2015-10-09,2.2220,3.1799,2.9750,2.2210,1.23,开放申购|开放赎回
2015-10-12,2.2850,3.2701,3.0500,2.2880,2.84,开放申购|开放赎回
2015-10-13,2.2730,3.2529,3.0350,2.2790,-0.53,开放申购|开放赎回
2015-10-14,2.2560,3.2286,3.0150,2.2580,-0.75,开放申购|开放赎回
2015-10-15,2.2990,3.2901,3.0660,2.3040,1.91,开放申购|开放赎回
2015-10-16,2.3240,3.3259,3.0960,2.3220,1.09,开放申购|开放赎回
2015-10-19,2.3190,3.3187,3.0900,2.3200,-0.22,开放申购|开放赎回
2015-10-20,2.3370,3.3445,3.1110,2.3410,0.78,开放申购|开放赎回
2015-10-21,2.3400,3.3488,3.1150,2.3200,0.13,开放申购|开放赎回
2015-10-22,2.3320,3.3373,3.1050,2.3330,-0.34,开放申购|开放赎回
2015-10-23,2.3430,3.3531,3.1180,2.3500,0.47,开放申购|开放赎回
2015-10-26,2.3490,3.3617,3.1250,2.3500,0.26,开放申购|开放赎回
2015-10-27,2.3490,3.3617,3.1250,2.3480,0.00,开放申购|开放赎回
2015-10-28,2.3110,3.3073,3.0800,2.3080,-1.62,开放申购|开放赎回
2015-10-29,2.3070,3.3015,3.0760,2.3110,-0.17,开放申购|开放赎回
2015-10-30,2.3130,3.3101,3.0830,2.3100,0.26,开放申购|开放赎回
2015-11-02,2.2810,3.2643,3.0450,2.2830,-1.38,开放申购|开放赎回
2015-11-03,2.2730,3.2529,3.0350,2.2720,-0.35,开放申购|开放赎回
2015-11-04,2.3690,3.3903,3.1490,2.3860,4.22,开放申购|开放赎回
2015-11-05,2.4370,3.4876,3.2300,2.4450,2.87,开放申购|开放赎回
2015-11-06,2.4890,3.5620,3.2910,2.4990,2.13,开放申购|开放赎回
2015-11-09,2.5280,3.6178,3.3370,2.5320,1.57,开放申购|开放赎回
2015-11-10,2.5170,3.6021,3.3240,2.5210,-0.44,开放申购|开放赎回
2015-11-11,2.5000,3.5777,3.3040,2.5040,-0.68,开放申购|开放赎回
2015-11-12,2.4720,3.5377,3.2710,2.4700,-1.12,开放申购|开放赎回
2015-11-13,2.4440,3.4976,3.2380,2.4440,-1.13,开放申购|开放赎回
2015-11-16,2.4430,3.4962,3.2370,2.4490,-0.04,开放申购|开放赎回
2015-11-17,2.4490,3.5048,3.2440,2.4500,0.25,开放申购|开放赎回
2015-11-18,2.4360,3.4862,3.2280,2.4380,-0.53,开放申购|开放赎回
2015-11-19,2.4640,3.5262,3.2610,2.4710,1.15,开放申购|开放赎回
2015-11-20,2.4620,3.5234,3.2590,2.4590,-0.08,开放申购|开放赎回
2015-11-23,2.4530,3.5105,3.2480,2.4500,-0.37,开放申购|开放赎回
2015-11-24,2.4440,3.4976,3.2380,2.4440,-0.37,开放申购|开放赎回
2015-11-25,2.4550,3.5133,3.2510,2.4540,0.45,开放申购|开放赎回
2015-11-26,2.4470,3.5019,3.2410,2.4470,-0.33,开放申购|开放赎回
2015-11-27,2.3340,3.3402,3.1080,2.3180,-4.62,开放申购|开放赎回
2015-11-30,2.3350,3.3416,3.1090,2.3290,0.04,开放申购|开放赎回
2015-12-01,2.3440,3.3545,3.1190,2.3390,0.39,开放申购|开放赎回
2015-12-02,2.4550,3.5133,3.2510,2.4620,4.74,开放申购|开放赎回
2015-12-03,2.4580,3.5176,3.2540,2.4600,0.12,开放申购|开放赎回
2015-12-04,2.3950,3.4275,3.1800,2.3980,-2.56,开放申购|开放赎回
2015-12-07,2.3930,3.4246,3.1770,2.3900,-0.08,开放申购|开放赎回
2015-12-08,2.3630,3.3817,3.1420,2.3660,-1.25,开放申购|开放赎回
2015-12-09,2.3680,3.3888,3.1480,2.3690,0.21,开放申购|开放赎回
2015-12-10,2.3560,3.3717,3.1340,2.3550,-0.51,开放申购|开放赎回
2015-12-11,2.3420,3.3516,3.1170,2.3440,-0.59,开放申购|开放赎回
2015-12-14,2.4100,3.4489,3.1980,2.4150,2.90,开放申购|开放赎回
2015-12-15,2.3810,3.4074,3.1630,2.3820,-1.20,开放申购|开放赎回
2015-12-16,2.3740,3.3974,3.1550,2.3720,-0.29,开放申购|开放赎回
2015-12-17,2.4050,3.4418,3.1920,2.4010,1.31,开放申购|开放赎回
2015-12-18,2.4200,3.4633,3.2090,2.4220,0.62,开放申购|开放赎回
2015-12-21,2.4950,3.5706,3.2980,2.4990,3.10,开放申购|开放赎回
2015-12-22,2.4910,3.5649,3.2930,2.4900,-0.16,开放申购|开放赎回
2015-12-23,2.4970,3.5735,3.3010,2.4990,0.24,开放申购|开放赎回
2015-12-24,2.4770,3.5448,3.2770,2.4780,-0.80,开放申购|开放赎回
2015-12-25,2.4880,3.5606,3.2900,2.4860,0.44,开放申购|开放赎回
2015-12-28,2.4110,3.4504,3.1990,2.4120,-3.09,开放申购|开放赎回
2015-12-29,2.4310,3.4790,3.2220,2.4320,0.83,开放申购|开放赎回
2015-12-30,2.4310,3.4790,3.2220,2.4240,0.00,开放申购|开放赎回
2015-12-31,2.4190,3.4618,3.2080,2.4160,-0.49,开放申购|开放赎回
2016-01-04,2.2720,3.2515,3.0340,2.2780,-6.08,开放申购|开放赎回
2016-01-05,2.2890,3.2758,3.0540,2.2860,0.75,开放申购|开放赎回
2016-01-06,2.3180,3.3173,3.0890,2.3170,1.27,开放申购|开放赎回
2016-01-07,2.1840,3.1255,2.9300,2.1770,-5.78,开放申购|开放赎回
2016-01-08,2.2220,3.1799,2.9750,2.2190,1.74,开放申购|开放赎回
2016-01-11,2.1250,3.0411,2.8600,2.1250,-4.37,开放申购|开放赎回
2016-01-12,2.1350,3.0554,2.8720,2.1310,0.47,开放申购|开放赎回
2016-01-13,2.1100,3.0196,2.8420,2.1120,-1.17,开放申购|开放赎回
2016-01-14,2.1360,3.0568,2.8730,2.1310,1.23,开放申购|开放赎回
2016-01-15,2.0760,2.9710,2.8020,2.0700,-2.81,开放申购|开放赎回
2016-01-18,2.0740,2.9681,2.8000,2.0700,-0.10,开放申购|开放赎回
2016-01-19,2.1320,3.0511,2.8680,2.1300,2.80,开放申购|开放赎回
2016-01-20,2.0930,2.9953,2.8220,2.0910,-1.83,开放申购|开放赎回
2016-01-21,2.0460,2.9280,2.7670,2.0430,-2.25,开放申购|开放赎回
2016-01-22,2.0660,2.9567,2.7900,2.0670,0.98,开放申购|开放赎回
2016-01-25,2.0700,2.9624,2.7950,2.0650,0.19,开放申购|开放赎回
2016-01-26,1.9580,2.8021,2.6620,1.9580,-5.41,开放申购|开放赎回
2016-01-27,1.9590,2.8035,2.6640,1.9570,0.05,开放申购|开放赎回
2016-01-28,1.9190,2.7463,2.6160,1.9150,-2.04,开放申购|开放赎回
2016-01-29,1.9790,2.8321,2.6870,1.9750,3.13,开放申购|开放赎回
2016-02-01,1.9420,2.7792,2.6440,1.9420,-1.87,开放申购|开放赎回
2016-02-02,1.9730,2.8236,2.6800,1.9750,1.60,开放申购|开放赎回
2016-02-03,1.9560,2.7992,2.6600,1.9530,-0.86,开放申购|开放赎回
2016-02-04,1.9770,2.8293,2.6850,1.9780,1.07,开放申购|开放赎回
2016-02-05,1.9700,2.8193,2.6770,1.9680,-0.35,开放申购|开放赎回
2016-02-15,1.9510,2.7921,2.6540,1.9490,-0.96,开放申购|开放赎回
2016-02-16,2.0030,2.8665,2.7160,2.0010,2.67,开放申购|开放赎回
2016-02-17,2.0170,2.8865,2.7320,2.0130,0.70,开放申购|开放赎回
2016-02-18,2.0110,2.8779,2.7250,2.0110,-0.30,开放申购|开放赎回
2016-02-19,2.0060,2.8708,2.7190,2.0060,-0.25,开放申购|开放赎回
2016-02-22,2.0550,2.9409,2.7770,2.0540,2.44,开放申购|开放赎回
2016-02-23,2.0310,2.9066,2.7490,2.0300,-1.17,开放申购|开放赎回
2016-02-24,2.0430,2.9237,2.7630,2.0390,0.59,开放申购|开放赎回
2016-02-25,1.9350,2.7692,2.6350,1.9360,-5.29,开放申购|开放赎回
2016-02-26,1.9590,2.8035,2.6640,1.9560,1.24,开放申购|开放赎回
2016-02-29,1.9480,2.7878,2.6510,1.9370,-0.56,开放申购|开放赎回
2016-03-01,1.9770,2.8293,2.6850,1.9710,1.49,开放申购|开放赎回
2016-03-02,2.0460,2.9280,2.7670,2.0490,3.49,开放申购|开放赎回
2016-03-03,2.0560,2.9423,2.7780,2.0530,0.49,开放申购|开放赎回
2016-03-04,2.1240,3.0397,2.8590,2.1220,3.31,开放申购|开放赎回
2016-03-07,2.1090,3.0182,2.8410,2.1110,-0.71,开放申购|开放赎回
2016-03-08,2.1170,3.0296,2.8510,2.1150,0.38,开放申购|开放赎回
2016-03-09,2.1130,3.0239,2.8460,2.1070,-0.19,开放申购|开放赎回
2016-03-10,2.0640,2.9538,2.7880,2.0590,-2.32,开放申购|开放赎回
2016-03-11,2.0730,2.9667,2.7990,2.0660,0.44,开放申购|开放赎回
2016-03-14,2.0800,2.9767,2.8070,2.0760,0.34,开放申购|开放赎回
2016-03-15,2.1020,3.0082,2.8330,2.0980,1.06,开放申购|开放赎回
2016-03-16,2.1370,3.0583,2.8740,2.1350,1.67,开放申购|开放赎回
2016-03-17,2.1320,3.0511,2.8680,2.1320,-0.23,开放申购|开放赎回
2016-03-18,2.1420,3.0654,2.8800,2.1400,0.47,开放申购|开放赎回
2016-03-21,2.1930,3.1384,2.9410,2.1920,2.38,开放申购|开放赎回
2016-03-22,2.1730,3.1098,2.9170,2.1690,-0.91,开放申购|开放赎回
2016-03-23,2.1750,3.1126,2.9190,2.1710,0.09,开放申购|开放赎回
2016-03-24,2.1380,3.0597,2.8760,2.1400,-1.70,开放申购|开放赎回
2016-03-25,2.1490,3.0754,2.8890,2.1450,0.51,开放申购|开放赎回
2016-03-28,2.1230,3.0382,2.8580,2.1210,-1.21,开放申购|开放赎回
2016-03-29,2.1080,3.0168,2.8400,2.1040,-0.71,开放申购|开放赎回
2016-03-30,2.1570,3.0869,2.8980,2.1580,2.32,开放申购|开放赎回
2016-03-31,2.1560,3.0854,2.8970,2.1560,-0.05,开放申购|开放赎回
2016-04-01,2.1670,3.1012,2.9100,2.1650,0.51,开放申购|开放赎回
2016-04-05,2.1790,3.1184,2.9240,2.1750,0.55,开放申购|开放赎回
2016-04-06,2.1670,3.1012,2.9100,2.1650,-0.55,开放申购|开放赎回
2016-04-07,2.1390,3.0611,2.8770,2.1390,-1.29,开放申购|开放赎回
2016-04-08,2.1240,3.0397,2.8590,2.1240,-0.70,开放申购|开放赎回
2016-04-11,2.1480,3.0740,2.8870,2.1440,1.13,开放申购|开放赎回
2016-04-12,2.1430,3.0668,2.8810,2.1420,-0.23,开放申购|开放赎回
2016-04-13,2.1700,3.1055,2.9130,2.1680,1.26,开放申购|开放赎回
2016-04-14,2.1780,3.1169,2.9230,2.1740,0.37,开放申购|开放赎回
2016-04-15,2.1810,3.1212,2.9260,2.1780,0.14,开放申购|开放赎回
2016-04-18,2.1570,3.0869,2.8980,2.1540,-1.10,开放申购|开放赎回
2016-04-19,2.1630,3.0955,2.9050,2.1610,0.28,开放申购|开放赎回
2016-04-20,2.1540,3.0826,2.8940,2.1480,-0.42,开放申购|开放赎回
2016-04-21,2.1470,3.0726,2.8860,2.1460,-0.32,开放申购|开放赎回
2016-04-22,2.1570,3.0869,2.8980,2.1560,0.47,开放申购|开放赎回
2016-04-25,2.1470,3.0726,2.8860,2.1450,-0.46,开放申购|开放赎回
2016-04-26,2.1550,3.0840,2.8960,2.1520,0.37,开放申购|开放赎回
2016-04-27,2.1440,3.0683,2.8830,2.1440,-0.51,开放申购|开放赎回
2016-04-28,2.1410,3.0640,2.8790,2.1420,-0.14,开放申购|开放赎回
2016-04-29,2.1350,3.0554,2.8720,2.1350,-0.28,开放申购|开放赎回
2016-05-03,2.1570,3.0869,2.8980,2.1590,1.03,开放申购|开放赎回
2016-05-04,2.1520,3.0797,2.8920,2.1530,-0.23,开放申购|开放赎回
2016-05-05,2.1520,3.0797,2.8920,2.1510,0.00,开放申购|开放赎回
2016-05-06,2.1080,3.0168,2.8400,2.1030,-2.04,开放申购|开放赎回
2016-05-09,2.0730,2.9667,2.7990,2.0710,-1.66,开放申购|开放赎回
2016-05-10,2.0730,2.9667,2.7990,2.0700,0.00,开放申购|开放赎回
2016-05-11,2.0790,2.9753,2.8060,2.0770,0.29,开放申购|开放赎回
2016-05-12,2.0860,2.9853,2.8140,2.0830,0.34,开放申购|开放赎回
2016-05-13,2.0770,2.9724,2.8030,2.0790,-0.43,开放申购|开放赎回
2016-05-16,2.0830,2.9810,2.8100,2.0810,0.29,开放申购|开放赎回
2016-05-17,2.0780,2.9738,2.8050,2.0770,-0.24,开放申购|开放赎回
2016-05-18,2.0810,2.9781,2.8080,2.0780,0.14,开放申购|开放赎回
2016-05-19,2.0760,2.9710,2.8020,2.0720,-0.24,开放申购|开放赎回
2016-05-20,2.0850,2.9838,2.8130,2.0830,0.43,开放申购|开放赎回
2016-05-23,2.0840,2.9824,2.8120,2.0840,-0.05,开放申购|开放赎回
2016-05-24,2.0690,2.9609,2.7940,2.0690,-0.72,开放申购|开放赎回
2016-05-25,2.0740,2.9681,2.8000,2.0740,0.24,开放申购|开放赎回
2016-05-26,2.0780,2.9738,2.8050,2.0740,0.19,开放申购|开放赎回
2016-05-27,2.0770,2.9724,2.8030,2.0780,-0.05,开放申购|开放赎回
2016-05-30,2.0940,2.9967,2.8230,2.0890,0.82,开放申购|开放赎回
2016-05-31,2.1570,3.0869,2.8980,2.1600,3.01,开放申购|开放赎回
2016-06-01,2.1400,3.0626,2.8780,2.1420,-0.79,开放申购|开放赎回
2016-06-02,2.1390,3.0611,2.8770,2.1400,-0.05,开放申购|开放赎回
2016-06-03,2.1540,3.0826,2.8940,2.1540,0.70,开放申购|开放赎回
2016-06-06,2.1420,3.0654,2.8800,2.1410,-0.56,开放申购|开放赎回
2016-06-07,2.1450,3.0697,2.8840,2.1430,0.14,开放申购|开放赎回
2016-06-08,2.1390,3.0611,2.8770,2.1390,-0.28,开放申购|开放赎回
2016-06-13,2.0930,2.9953,2.8220,2.0880,-2.15,开放申购|开放赎回
2016-06-14,2.1030,3.0096,2.8340,2.1010,0.48,开放申购|开放赎回
2016-06-15,2.1130,3.0239,2.8460,2.1090,0.48,开放申购|开放赎回
2016-06-16,2.1040,3.0110,2.8350,2.1020,-0.43,开放申购|开放赎回
2016-06-17,2.1120,3.0225,2.8450,2.1090,0.38,开放申购|开放赎回
2016-06-20,2.1140,3.0253,2.8470,2.1140,0.09,开放申购|开放赎回
2016-06-21,2.1140,3.0253,2.8470,2.1120,0.00,开放申购|开放赎回
2016-06-22,2.1250,3.0411,2.8600,2.1240,0.52,开放申购|开放赎回
2016-06-23,2.1180,3.0311,2.8520,2.1160,-0.33,开放申购|开放赎回
2016-06-24,2.0940,2.9967,2.8230,2.0900,-1.13,开放申购|开放赎回
2016-06-27,2.1130,3.0239,2.8460,2.1110,0.91,开放申购|开放赎回
2016-06-28,2.1190,3.0325,2.8530,2.1170,0.28,开放申购|开放赎回
2016-06-29,2.1390,3.0611,2.8770,2.1350,0.94,开放申购|开放赎回
2016-06-30,2.1390,3.0611,2.8770,2.1360,0.00,开放申购|开放赎回
2016-07-01,2.1460,3.0711,2.8850,2.1420,0.33,开放申购|开放赎回
2016-07-04,2.1800,3.1198,2.9250,2.1770,1.58,开放申购|开放赎回
2016-07-05,2.1870,3.1298,2.9340,2.1850,0.32,开放申购|开放赎回
2016-07-06,2.1860,3.1284,2.9320,2.1840,-0.05,开放申购|开放赎回
2016-07-07,2.1900,3.1341,2.9370,2.1890,0.18,开放申购|开放赎回
2016-07-08,2.1790,3.1184,2.9240,2.1770,-0.50,开放申购|开放赎回
2016-07-11,2.1880,3.1312,2.9350,2.1880,0.41,开放申购|开放赎回
2016-07-12,2.2310,3.1928,2.9860,2.2330,1.97,开放申购|开放赎回
2016-07-13,2.2380,3.2028,2.9940,2.2360,0.31,开放申购|开放赎回
2016-07-14,2.2360,3.1999,2.9920,2.2330,-0.09,开放申购|开放赎回
2016-07-15,2.2350,3.1985,2.9900,2.2360,-0.04,开放申购|开放赎回
2016-07-18,2.2310,3.1928,2.9860,2.2280,-0.18,开放申购|开放赎回
2016-07-19,2.2190,3.1756,2.9710,2.2160,-0.54,开放申购|开放赎回
2016-07-20,2.2110,3.1642,2.9620,2.2090,-0.36,开放申购|开放赎回
2016-07-21,2.2220,3.1799,2.9750,2.2200,0.50,开放申购|开放赎回
2016-07-22,2.2020,3.1513,2.9510,2.2000,-0.90,开放申购|开放赎回
2016-07-25,2.2050,3.1556,2.9550,2.2010,0.14,开放申购|开放赎回
2016-07-26,2.2270,3.1871,2.9810,2.2270,1.00,开放申购|开放赎回
2016-07-27,2.2190,3.1756,2.9710,2.2150,-0.36,开放申购|开放赎回
2016-07-28,2.2090,3.1613,2.9600,2.2110,-0.45,开放申购|开放赎回
2016-07-29,2.2000,3.1484,2.9490,2.2010,-0.41,开放申购|开放赎回
2016-08-01,2.1920,3.1370,2.9390,2.1900,-0.36,开放申购|开放赎回
2016-08-02,2.1930,3.1384,2.9410,2.1900,0.05,开放申购|开放赎回
2016-08-03,2.1900,3.1341,2.9370,2.1880,-0.14,开放申购|开放赎回
2016-08-04,2.1880,3.1312,2.9350,2.1860,-0.09,开放申购|开放赎回
2016-08-05,2.1950,3.1413,2.9430,2.1950,0.32,开放申购|开放赎回
2016-08-08,2.2060,3.1570,2.9560,2.2040,0.50,开放申购|开放赎回
2016-08-09,2.2220,3.1799,2.9750,2.2210,0.73,开放申购|开放赎回
2016-08-10,2.2170,3.1727,2.9690,2.2160,-0.23,开放申购|开放赎回
2016-08-11,2.2260,3.1856,2.9800,2.2230,0.41,开放申购|开放赎回
2016-08-12,2.2720,3.2515,3.0340,2.2720,2.07,开放申购|开放赎回
2016-08-15,2.3370,3.3445,3.1110,2.3360,2.86,开放申购|开放赎回
2016-08-16,2.3070,3.3015,3.0760,2.3060,-1.28,开放申购|开放赎回
2016-08-17,2.3030,3.2958,3.0710,2.3000,-0.17,开放申购|开放赎回
2016-08-18,2.2940,3.2829,3.0600,2.2900,-0.39,开放申购|开放赎回
2016-08-19,2.3010,3.2930,3.0690,2.3010,0.31,开放申购|开放赎回
2016-08-22,2.2880,3.2744,3.0530,2.2870,-0.56,开放申购|开放赎回
2016-08-23,2.2930,3.2815,3.0590,2.2900,0.22,开放申购|开放赎回
2016-08-24,2.2830,3.2672,3.0470,2.2800,-0.44,开放申购|开放赎回
2016-08-25,2.2730,3.2529,3.0350,2.2690,-0.44,开放申购|开放赎回
2016-08-26,2.2710,3.2500,3.0330,2.2670,-0.09,开放申购|开放赎回
2016-08-29,2.2650,3.2414,3.0260,2.2650,-0.26,开放申购|开放赎回
2016-08-30,2.2750,3.2558,3.0380,2.2760,0.44,开放申购|开放赎回
2016-08-31,2.2840,3.2686,3.0480,2.2840,0.40,开放申购|开放赎回
2016-09-01,2.2720,3.2515,3.0340,2.2680,-0.53,开放申购|开放赎回
2016-09-02,2.2810,3.2643,3.0450,2.2790,0.40,开放申购|开放赎回
2016-09-05,2.2810,3.2643,3.0450,2.2800,0.00,开放申购|开放赎回
2016-09-06,2.2850,3.2701,3.0500,2.2860,0.18,开放申购|开放赎回
2016-09-07,2.2890,3.2758,3.0540,2.2900,0.18,开放申购|开放赎回
2016-09-08,2.2890,3.2758,3.0540,2.2900,0.00,开放申购|开放赎回
2016-09-09,2.2820,3.2658,3.0460,2.2800,-0.31,开放申购|开放赎回
2016-09-12,2.2530,3.2243,3.0120,2.2500,-1.27,开放申购|开放赎回
2016-09-13,2.2460,3.2142,3.0030,2.2420,-0.31,开放申购|开放赎回
2016-09-14,2.2290,3.1899,2.9830,2.2290,-0.76,开放申购|开放赎回
2016-09-19,2.2420,3.2085,2.9990,2.2420,0.58,开放申购|开放赎回
2016-09-20,2.2360,3.1999,2.9920,2.2390,-0.27,开放申购|开放赎回
2016-09-21,2.2400,3.2057,2.9960,2.2430,0.18,开放申购|开放赎回
2016-09-22,2.2530,3.2243,3.0120,2.2550,0.58,开放申购|开放赎回
2016-09-23,2.2490,3.2185,3.0070,2.2490,-0.18,开放申购|开放赎回
2016-09-26,2.2210,3.1785,2.9740,2.2220,-1.24,开放申购|开放赎回
2016-09-27,2.2300,3.1914,2.9840,2.2290,0.41,开放申购|开放赎回
2016-09-28,2.2200,3.1770,2.9730,2.2190,-0.45,开放申购|开放赎回
2016-09-29,2.2290,3.1899,2.9830,2.2300,0.41,开放申购|开放赎回
2016-09-30,2.2310,3.1928,2.9860,2.2350,0.09,开放申购|开放赎回
2016-10-10,2.2570,3.2300,3.0160,2.2620,1.17,开放申购|开放赎回
2016-10-11,2.2630,3.2386,3.0240,2.2650,0.27,开放申购|开放赎回
2016-10-12,2.2550,3.2271,3.0140,2.2570,-0.35,开放申购|开放赎回
2016-10-13,2.2560,3.2286,3.0150,2.2570,0.04,开放申购|开放赎回
2016-10-14,2.2640,3.2400,3.0250,2.2660,0.35,开放申购|开放赎回
2016-10-17,2.2470,3.2157,3.0050,2.2500,-0.75,开放申购|开放赎回
2016-10-18,2.2770,3.2586,3.0400,2.2820,1.34,开放申购|开放赎回
2016-10-19,2.2750,3.2558,3.0380,2.2790,-0.09,开放申购|开放赎回
2016-10-20,2.2770,3.2586,3.0400,2.2800,0.09,开放申购|开放赎回
2016-10-21,2.2950,3.2844,3.0610,2.2950,0.79,开放申购|开放赎回
2016-10-24,2.3250,3.3273,3.0970,2.3240,1.31,开放申购|开放赎回
2016-10-25,2.3210,3.3216,3.0920,2.3190,-0.17,开放申购|开放赎回
2016-10-26,2.3110,3.3073,3.0800,2.3110,-0.43,开放申购|开放赎回
2016-10-27,2.3040,3.2973,3.0720,2.3050,-0.30,开放申购|开放赎回
2016-10-28,2.3080,3.3030,3.0770,2.3070,0.17,开放申购|开放赎回
2016-10-31,2.3040,3.2973,3.0720,2.3050,-0.17,开放申购|开放赎回
2016-11-01,2.3180,3.3173,3.0890,2.3160,0.61,开放申购|开放赎回
2016-11-02,2.2990,3.2901,3.0660,2.3000,-0.82,开放申购|开放赎回
2016-11-03,2.3280,3.3316,3.1000,2.3270,1.26,开放申购|开放赎回
2016-11-04,2.3260,3.3287,3.0980,2.3240,-0.09,开放申购|开放赎回
2016-11-07,2.3310,3.3359,3.1040,2.3300,0.21,开放申购|开放赎回
2016-11-08,2.3360,3.3430,3.1100,2.3380,0.21,开放申购|开放赎回
2016-11-09,2.3180,3.3173,3.0890,2.3200,-0.77,开放申购|开放赎回
2016-11-10,2.3440,3.3545,3.1190,2.3440,1.12,开放申购|开放赎回
2016-11-11,2.3630,3.3817,3.1420,2.3630,0.81,开放申购|开放赎回
2016-11-14,2.3720,3.3946,3.1530,2.3740,0.38,开放申购|开放赎回
2016-11-15,2.3650,3.3845,3.1440,2.3660,-0.30,开放申购|开放赎回
2016-11-16,2.3640,3.3831,3.1430,2.3610,-0.04,开放申购|开放赎回
2016-11-17,2.3710,3.3931,3.1510,2.3690,0.30,开放申购|开放赎回
2016-11-18,2.3610,3.3788,3.1400,2.3630,-0.42,开放申购|开放赎回
2016-11-21,2.3890,3.4189,3.1730,2.3900,1.19,开放申购|开放赎回
2016-11-22,2.4070,3.4447,3.1940,2.4080,0.75,开放申购|开放赎回
2016-11-23,2.4150,3.4561,3.2030,2.4150,0.33,开放申购|开放赎回
2016-11-24,2.4230,3.4676,3.2130,2.4250,0.33,开放申购|开放赎回
2016-11-25,2.4490,3.5048,3.2440,2.4510,1.07,开放申购|开放赎回
2016-11-28,2.4580,3.5176,3.2540,2.4600,0.37,开放申购|开放赎回
2016-11-29,2.4430,3.5732,3.2990,2.4460,1.58,开放申购|开放赎回
2016-11-30,2.4210,3.5410,3.2730,2.4190,-0.90,开放申购|开放赎回
2016-12-01,2.4320,3.5571,3.2860,2.4330,0.45,开放申购|开放赎回
2016-12-02,2.4180,3.5367,3.2700,2.4160,-0.58,开放申购|开放赎回
2016-12-05,2.3770,3.4767,3.2210,2.3730,-1.70,开放申购|开放赎回
2016-12-06,2.3700,3.4664,3.2130,2.3680,-0.29,开放申购|开放赎回
2016-12-07,2.3780,3.4782,3.2220,2.3750,0.34,开放申购|开放赎回
2016-12-08,2.3800,3.4811,3.2250,2.3800,0.08,开放申购|开放赎回
2016-12-09,2.4120,3.5279,3.2630,2.4130,1.34,开放申购|开放赎回
2016-12-12,2.3890,3.4942,3.2350,2.3860,-0.95,开放申购|开放赎回
2016-12-13,2.3740,3.4723,3.2180,2.3710,-0.63,开放申购|开放赎回
2016-12-14,2.3620,3.4547,3.2030,2.3600,-0.51,开放申购|开放赎回
2016-12-15,2.3120,3.3816,3.1440,2.3080,-2.12,开放申购|开放赎回
2016-12-16,2.3050,3.3714,3.1360,2.3010,-0.30,开放申购|开放赎回
2016-12-19,2.2950,3.3568,3.1240,2.2930,-0.43,开放申购|开放赎回
2016-12-20,2.2830,3.3392,3.1100,2.2810,-0.52,开放申购|开放赎回
2016-12-21,2.3000,3.3641,3.1300,2.2980,0.74,开放申购|开放赎回
2016-12-22,2.2950,3.3568,3.1240,2.2920,-0.22,开放申购|开放赎回
2016-12-23,2.2820,3.3377,3.1090,2.2790,-0.57,开放申购|开放赎回
2016-12-26,2.2980,3.3611,3.1280,2.2980,0.70,开放申购|开放赎回
2016-12-27,2.2900,3.3494,3.1180,2.2890,-0.35,开放申购|开放赎回
2016-12-28,2.2810,3.3363,3.1080,2.2780,-0.39,开放申购|开放赎回
2016-12-29,2.2780,3.3319,3.1040,2.2780,-0.13,开放申购|开放赎回
2016-12-30,2.2900,3.3494,3.1180,2.2870,0.53,开放申购|开放赎回
2016-12-31,2.2900,3.3494,3.1180,2.2870,0.00,开放申购|开放赎回
2017-01-03,2.3100,3.3787,3.1420,2.3070,0.87,开放申购|开放赎回
2017-01-04,2.3240,3.3992,3.1580,2.3250,0.61,开放申购|开放赎回
2017-01-05,2.3250,3.4006,3.1600,2.3220,0.04,开放申购|开放赎回
2017-01-06,2.3120,3.3816,3.1440,2.3140,-0.56,开放申购|开放赎回
2017-01-09,2.3210,3.3948,3.1550,2.3190,0.39,开放申购|开放赎回
2017-01-10,2.3150,3.3860,3.1480,2.3130,-0.26,开放申购|开放赎回
2017-01-11,2.3030,3.3685,3.1340,2.3030,-0.52,开放申购|开放赎回
2017-01-12,2.2980,3.3611,3.1280,2.2960,-0.22,开放申购|开放赎回
2017-01-13,2.3110,3.3802,3.1430,2.3100,0.57,开放申购|开放赎回
2017-01-16,2.3400,3.4226,3.1770,2.3390,1.25,开放申购|开放赎回
2017-01-17,2.3320,3.4109,3.1680,2.3290,-0.34,开放申购|开放赎回
2017-01-18,2.3450,3.4299,3.1830,2.3440,0.56,开放申购|开放赎回
2017-01-19,2.3370,3.4182,3.1740,2.3340,-0.34,开放申购|开放赎回
2017-01-20,2.3490,3.4357,3.1880,2.3490,0.51,开放申购|开放赎回
2017-01-23,2.3490,3.4357,3.1880,2.3480,0.00,开放申购|开放赎回
2017-01-24,2.3540,3.4430,3.1940,2.3540,0.21,开放申购|开放赎回
2017-01-25,2.3600,3.4518,3.2010,2.3570,0.25,开放申购|开放赎回
2017-01-26,2.3650,3.4591,3.2070,2.3660,0.21,开放申购|开放赎回
2017-02-03,2.3410,3.4240,3.1790,2.3420,-1.01,开放申购|开放赎回
2017-02-06,2.3450,3.4299,3.1830,2.3430,0.17,开放申购|开放赎回
2017-02-07,2.3390,3.4211,3.1760,2.3350,-0.26,开放申购|开放赎回
2017-02-08,2.3470,3.4328,3.1860,2.3480,0.34,开放申购|开放赎回
2017-02-09,2.3550,3.4445,3.1950,2.3540,0.34,开放申购|开放赎回
2017-02-10,2.3680,3.4635,3.2110,2.3660,0.55,开放申购|开放赎回
2017-02-13,2.3790,3.4796,3.2240,2.3780,0.46,开放申购|开放赎回
2017-02-14,2.3730,3.4708,3.2160,2.3700,-0.25,开放申购|开放赎回
2017-02-15,2.3720,3.4694,3.2150,2.3690,-0.04,开放申购|开放赎回
2017-02-16,2.3770,3.4767,3.2210,2.3720,0.21,开放申购|开放赎回
2017-02-17,2.3630,3.4562,3.2050,2.3610,-0.59,开放申购|开放赎回
2017-02-20,2.3930,3.5001,3.2400,2.3950,1.27,开放申购|开放赎回
2017-02-21,2.3960,3.5045,3.2440,2.3930,0.13,开放申购|开放赎回
2017-02-22,2.3970,3.5059,3.2450,2.3960,0.04,开放申购|开放赎回
2017-02-23,2.3870,3.4913,3.2330,2.3870,-0.42,开放申购|开放赎回
2017-02-24,2.3890,3.4942,3.2350,2.3850,0.08,开放申购|开放赎回
2017-02-27,2.3700,3.4664,3.2130,2.3670,-0.80,开放申购|开放赎回
2017-02-28,2.3700,3.4664,3.2130,2.3680,0.00,开放申购|开放赎回
2017-03-01,2.3710,3.4679,3.2140,2.3680,0.04,开放申购|开放赎回
2017-03-02,2.3550,3.4445,3.1950,2.3530,-0.67,开放申购|开放赎回
2017-03-03,2.3470,3.4328,3.1860,2.3430,-0.34,开放申购|开放赎回
2017-03-06,2.3500,3.4372,3.1890,2.3490,0.13,开放申购|开放赎回
2017-03-07,2.3560,3.4460,3.1960,2.3540,0.26,开放申购|开放赎回
2017-03-08,2.3580,3.4489,3.1990,2.3550,0.08,开放申购|开放赎回
2017-03-09,2.3460,3.4313,3.1850,2.3430,-0.51,开放申购|开放赎回
2017-03-10,2.3390,3.4211,3.1760,2.3350,-0.30,开放申购|开放赎回
2017-03-13,2.3540,3.4430,3.1940,2.3550,0.64,开放申购|开放赎回
2017-03-14,2.3540,3.4430,3.1940,2.3510,0.00,开放申购|开放赎回
2017-03-15,2.3570,3.4474,3.1980,2.3540,0.13,开放申购|开放赎回
2017-03-16,2.3680,3.4635,3.2110,2.3690,0.47,开放申购|开放赎回
2017-03-17,2.3460,3.4313,3.1850,2.3430,-0.93,开放申购|开放赎回
2017-03-20,2.3490,3.4357,3.1880,2.3470,0.13,开放申购|开放赎回
2017-03-21,2.3560,3.4460,3.1960,2.3530,0.30,开放申购|开放赎回
2017-03-22,2.3370,3.4182,3.1740,2.3360,-0.81,开放申购|开放赎回
2017-03-23,2.3460,3.4313,3.1850,2.3440,0.39,开放申购|开放赎回
2017-03-24,2.3640,3.4577,3.2060,2.3640,0.77,开放申购|开放赎回
2017-03-27,2.3630,3.4562,3.2050,2.3600,-0.04,开放申购|开放赎回
2017-03-28,2.3550,3.4445,3.1950,2.3540,-0.34,开放申购|开放赎回
2017-03-29,2.3520,3.4401,3.1920,2.3520,-0.13,开放申购|开放赎回
2017-03-30,2.3460,3.4313,3.1850,2.3430,-0.26,开放申购|开放赎回
2017-03-31,2.3590,3.4504,3.2000,2.3560,0.55,开放申购|开放赎回
2017-04-05,2.3830,3.4855,3.2280,2.3820,1.02,开放申购|开放赎回
2017-04-06,2.3890,3.4942,3.2350,2.3840,0.25,开放申购|开放赎回
2017-04-07,2.3870,3.4913,3.2330,2.3840,-0.08,开放申购|开放赎回
2017-04-10,2.3780,3.4782,3.2220,2.3770,-0.38,开放申购|开放赎回
2017-04-11,2.3810,3.4825,3.2260,2.3780,0.13,开放申购|开放赎回
2017-04-12,2.3770,3.4767,3.2210,2.3740,-0.17,开放申购|开放赎回
2017-04-13,2.3670,3.4621,3.2090,2.3670,-0.42,开放申购|开放赎回
2017-04-14,2.3540,3.4430,3.1940,2.3500,-0.55,开放申购|开放赎回
2017-04-17,2.3560,3.4460,3.1960,2.3530,0.08,开放申购|开放赎回
2017-04-18,2.3360,3.4167,3.1730,2.3380,-0.85,开放申购|开放赎回
2017-04-19,2.3240,3.3992,3.1580,2.3220,-0.51,开放申购|开放赎回
2017-04-20,2.3340,3.4138,3.1700,2.3310,0.43,开放申购|开放赎回
2017-04-21,2.3460,3.4313,3.1850,2.3410,0.51,开放申购|开放赎回
2017-04-24,2.3400,3.4226,3.1770,2.3360,-0.26,开放申购|开放赎回
2017-04-25,2.3430,3.4270,3.1810,2.3420,0.13,开放申购|开放赎回
2017-04-26,2.3430,3.4270,3.1810,2.3390,0.00,开放申购|开放赎回
2017-04-27,2.3500,3.4372,3.1890,2.3440,0.30,开放申购|开放赎回
2017-04-28,2.3450,3.4299,3.1830,2.3400,-0.21,开放申购|开放赎回
2017-05-02,2.3350,3.4153,3.1720,2.3320,-0.43,开放申购|开放赎回
2017-05-03,2.3280,3.4050,3.1630,2.3250,-0.30,开放申购|开放赎回
2017-05-04,2.3240,3.3992,3.1580,2.3200,-0.17,开放申购|开放赎回
2017-05-05,2.3190,3.3919,3.1530,2.3130,-0.22,开放申购|开放赎回
2017-05-08,2.3250,3.4006,3.1600,2.3180,0.26,开放申购|开放赎回
2017-05-09,2.3160,3.3875,3.1490,2.3150,-0.39,开放申购|开放赎回
2017-05-10,2.3230,3.3977,3.1570,2.3210,0.30,开放申购|开放赎回
2017-05-11,2.3380,3.4196,3.1750,2.3340,0.65,开放申购|开放赎回
2017-05-12,2.3730,3.4708,3.2160,2.3700,1.50,开放申购|开放赎回
2017-05-15,2.3790,3.4796,3.2240,2.3740,0.25,开放申购|开放赎回
2017-05-16,2.3790,3.4796,3.2240,2.3790,0.00,开放申购|开放赎回
2017-05-17,2.3610,3.4533,3.2020,2.3580,-0.76,开放申购|开放赎回
2017-05-18,2.3520,3.4401,3.1920,2.3500,-0.38,开放申购|开放赎回
2017-05-19,2.3590,3.4504,3.2000,2.3550,0.30,开放申购|开放赎回
2017-05-22,2.3790,3.4796,3.2240,2.3730,0.85,开放申购|开放赎回
2017-05-23,2.4090,3.5235,3.2590,2.4030,1.26,开放申购|开放赎回
2017-05-24,2.4040,3.5162,3.2530,2.3990,-0.21,开放申购|开放赎回
2017-05-25,2.4710,3.6142,3.3330,2.4700,2.79,开放申购|开放赎回
2017-05-26,2.4680,3.6098,3.3290,2.4660,-0.12,开放申购|开放赎回
2017-05-31,2.4760,3.6215,3.3380,2.4750,0.32,开放申购|开放赎回
2017-06-01,2.4930,3.6464,3.3590,2.4900,0.69,开放申购|开放赎回
2017-06-02,2.4720,3.6156,3.3340,2.4700,-0.84,开放申购|开放赎回
2017-06-05,2.4470,3.5791,3.3040,2.4420,-1.01,开放申购|开放赎回
2017-06-06,2.4630,3.6025,3.3230,2.4570,0.65,开放申购|开放赎回
2017-06-07,2.4800,3.6273,3.3430,2.4800,0.69,开放申购|开放赎回
2017-06-08,2.5030,3.6610,3.3700,2.5010,0.93,开放申购|开放赎回
2017-06-09,2.5160,3.6800,3.3860,2.5170,0.52,开放申购|开放赎回
2017-06-12,2.5180,3.6829,3.3880,2.5140,0.08,开放申购|开放赎回
2017-06-13,2.5120,3.6741,3.3810,2.5120,-0.24,开放申购|开放赎回
2017-06-14,2.4840,3.6332,3.3480,2.4820,-1.11,开放申购|开放赎回
2017-06-15,2.4680,3.6098,3.3290,2.4650,-0.64,开放申购|开放赎回
2017-06-16,2.4640,3.6039,3.3240,2.4600,-0.16,开放申购|开放赎回
2017-06-19,2.4960,3.6507,3.3620,2.4970,1.30,开放申购|开放赎回
2017-06-20,2.4860,3.6361,3.3500,2.4830,-0.40,开放申购|开放赎回
2017-06-21,2.5090,3.6698,3.3770,2.5090,0.93,开放申购|开放赎回
2017-06-22,2.5290,3.6990,3.4010,2.5240,0.80,开放申购|开放赎回
2017-06-23,2.5410,3.7166,3.4150,2.5430,0.47,开放申购|开放赎回
2017-06-26,2.5550,3.7370,3.4320,2.5540,0.55,开放申购|开放赎回
2017-06-27,2.5670,3.7546,3.4460,2.5640,0.47,开放申购|开放赎回
2017-06-28,2.5500,3.7297,3.4260,2.5480,-0.66,开放申购|开放赎回
2017-06-29,2.5660,3.7531,3.4450,2.5650,0.63,开放申购|开放赎回
2017-06-30,2.5630,3.7487,3.4410,2.5580,-0.12,开放申购|开放赎回
2017-07-03,2.5480,3.7268,3.4240,2.5430,-0.59,开放申购|开放赎回
2017-07-04,2.5240,3.6917,3.3950,2.5200,-0.94,开放申购|开放赎回
2017-07-05,2.5620,3.7473,3.4400,2.5630,1.51,开放申购|开放赎回
2017-07-06,2.5710,3.7604,3.4510,2.5670,0.35,开放申购|开放赎回
2017-07-07,2.5670,3.7546,3.4460,2.5610,-0.16,开放申购|开放赎回
2017-07-10,2.5770,3.7692,3.4580,2.5750,0.39,开放申购|开放赎回
2017-07-11,2.6040,3.8087,3.4900,2.6040,1.05,开放申购|开放赎回
2017-07-12,2.6000,3.8029,3.4850,2.5970,-0.15,开放申购|开放赎回
2017-07-13,2.6400,3.8614,3.5330,2.6380,1.54,开放申购|开放赎回
2017-07-14,2.6640,3.8965,3.5610,2.6650,0.91,开放申购|开放赎回
2017-07-17,2.6730,3.9096,3.5720,2.6690,0.34,开放申购|开放赎回
2017-07-18,2.6660,3.8994,3.5630,2.6590,-0.26,开放申购|开放赎回
2017-07-19,2.7010,3.9506,3.6050,2.7020,1.31,开放申购|开放赎回
2017-07-20,2.7090,3.9623,3.6140,2.7100,0.30,开放申购|开放赎回
2017-07-21,2.6830,3.9243,3.5830,2.6800,-0.96,开放申购|开放赎回
2017-07-24,2.6990,3.9477,3.6020,2.7000,0.60,开放申购|开放赎回
2017-07-25,2.6870,3.9301,3.5880,2.6830,-0.44,开放申购|开放赎回
2017-07-26,2.6800,3.9199,3.5800,2.6770,-0.26,开放申购|开放赎回
2017-07-27,2.6820,3.9228,3.5820,2.6770,0.07,开放申购|开放赎回
2017-07-28,2.6820,3.9228,3.5820,2.6800,0.00,开放申购|开放赎回
2017-07-31,2.6830,3.9243,3.5830,2.6820,0.04,开放申购|开放赎回
2017-08-01,2.7280,3.9901,3.6370,2.7240,1.68,开放申购|开放赎回
2017-08-02,2.7280,3.9901,3.6370,2.7280,0.00,开放申购|开放赎回
2017-08-03,2.6930,3.9389,3.5950,2.6890,-1.28,开放申购|开放赎回
2017-08-04,2.6750,3.9126,3.5740,2.6710,-0.67,开放申购|开放赎回
2017-08-07,2.6810,3.9213,3.5810,2.6790,0.22,开放申购|开放赎回
2017-08-08,2.6830,3.9243,3.5830,2.6820,0.07,开放申购|开放赎回
2017-08-09,2.6680,3.9023,3.5660,2.6640,-0.56,开放申购|开放赎回
2017-08-10,2.6590,3.8892,3.5550,2.6550,-0.34,开放申购|开放赎回
2017-08-11,2.6180,3.8292,3.5070,2.6130,-1.54,开放申购|开放赎回
2017-08-14,2.6400,3.8614,3.5330,2.6350,0.84,开放申购|开放赎回
2017-08-15,2.6540,3.8818,3.5490,2.6510,0.53,开放申购|开放赎回
2017-08-16,2.6430,3.8657,3.5360,2.6400,-0.41,开放申购|开放赎回
2017-08-17,2.6520,3.8789,3.5470,2.6520,0.34,开放申购|开放赎回
2017-08-18,2.6630,3.8950,3.5600,2.6640,0.41,开放申购|开放赎回
2017-08-21,2.6660,3.8994,3.5630,2.6630,0.11,开放申购|开放赎回
2017-08-22,2.6930,3.9389,3.5950,2.6890,1.01,开放申购|开放赎回
2017-08-23,2.7100,3.9637,3.6150,2.7080,0.63,开放申购|开放赎回
2017-08-24,2.6960,3.9433,3.5990,2.6980,-0.52,开放申购|开放赎回
2017-08-25,2.7570,4.0325,3.6710,2.7570,2.26,开放申购|开放赎回
2017-08-28,2.7880,4.0778,3.7080,2.7880,1.12,开放申购|开放赎回
2017-08-29,2.7900,4.0808,3.7100,2.7890,0.07,开放申购|开放赎回
2017-08-30,2.7790,4.0647,3.6970,2.7740,-0.39,开放申购|开放赎回
2017-08-31,2.7650,4.0442,3.6810,2.7660,-0.50,开放申购|开放赎回
2017-09-01,2.7610,4.0383,3.6760,2.7600,-0.14,开放申购|开放赎回
2017-09-04,2.7650,4.0442,3.6810,2.7640,0.14,开放申购|开放赎回
2017-09-05,2.7830,4.0705,3.7020,2.7820,0.65,开放申购|开放赎回
2017-09-06,2.7680,4.0486,3.6840,2.7640,-0.54,开放申购|开放赎回
2017-09-07,2.7450,4.0149,3.6570,2.7430,-0.83,开放申购|开放赎回
2017-09-08,2.7390,4.0062,3.6500,2.7380,-0.22,开放申购|开放赎回
2017-09-11,2.7270,3.9886,3.6360,2.7300,-0.44,开放申购|开放赎回
2017-09-12,2.7450,4.0149,3.6570,2.7460,0.66,开放申购|开放赎回
2017-09-13,2.7400,4.0076,3.6510,2.7390,-0.18,开放申购|开放赎回
2017-09-14,2.7250,3.9857,3.6330,2.7220,-0.55,开放申购|开放赎回
2017-09-15,2.7210,3.9798,3.6280,2.7220,-0.15,开放申购|开放赎回
2017-09-18,2.7260,3.9871,3.6340,2.7290,0.18,开放申购|开放赎回
2017-09-19,2.7230,3.9828,3.6310,2.7200,-0.11,开放申购|开放赎回
2017-09-20,2.7150,3.9711,3.6210,2.7170,-0.29,开放申购|开放赎回
2017-09-21,2.7280,3.9901,3.6370,2.7280,0.48,开放申购|开放赎回
2017-09-22,2.7320,3.9959,3.6410,2.7290,0.15,开放申购|开放赎回
2017-09-25,2.7330,3.9974,3.6430,2.7290,0.04,开放申购|开放赎回
2017-09-26,2.7330,3.9974,3.6430,2.7310,0.00,开放申购|开放赎回
2017-09-27,2.7150,3.9711,3.6210,2.7110,-0.66,开放申购|开放赎回
2017-09-28,2.7150,3.9711,3.6210,2.7150,0.00,开放申购|开放赎回
2017-09-29,2.7260,3.9871,3.6340,2.7260,0.41,开放申购|开放赎回
2017-09-30,2.7260,3.9871,3.6340,2.7260,0.00,开放申购|开放赎回
2017-10-09,2.7460,4.0164,3.6580,2.7500,0.73,开放申购|开放赎回
2017-10-10,2.7500,4.0223,3.6630,2.7460,0.15,开放申购|开放赎回
2017-10-11,2.7620,4.0398,3.6770,2.7620,0.44,开放申购|开放赎回
2017-10-12,2.7730,4.0559,3.6900,2.7730,0.40,开放申购|开放赎回
2017-10-13,2.7680,4.0486,3.6840,2.7710,-0.18,开放申购|开放赎回
2017-10-16,2.7810,4.0676,3.7000,2.7810,0.47,开放申购|开放赎回
2017-10-17,2.7780,4.0632,3.6960,2.7790,-0.11,开放申购|开放赎回
2017-10-18,2.8080,4.1071,3.7310,2.8020,1.08,开放申购|开放赎回
2017-10-19,2.8110,4.1115,3.7350,2.8060,0.11,开放申购|开放赎回
2017-10-20,2.7920,4.0837,3.7130,2.7900,-0.68,开放申购|开放赎回
2017-10-23,2.7890,4.0793,3.7090,2.7910,-0.11,开放申购|开放赎回
2017-10-24,2.8080,4.1071,3.7310,2.8060,0.68,开放申购|开放赎回
2017-10-25,2.8070,4.1056,3.7300,2.8020,-0.04,开放申购|开放赎回
2017-10-26,2.8260,4.1334,3.7530,2.8270,0.68,开放申购|开放赎回
2017-10-27,2.8700,4.1978,3.8050,2.8730,1.56,开放申购|开放赎回
2017-10-30,2.8650,4.1905,3.7990,2.8610,-0.17,开放申购|开放赎回
2017-10-31,2.8490,4.1671,3.7800,2.8510,-0.56,开放申购|开放赎回
2017-11-01,2.8440,4.1597,3.7740,2.8420,-0.18,开放申购|开放赎回
2017-11-02,2.8490,4.1671,3.7800,2.8470,0.18,开放申购|开放赎回
2017-11-03,2.8560,4.1773,3.7880,2.8510,0.25,开放申购|开放赎回
2017-11-06,2.8470,4.1641,3.7780,2.8430,-0.32,开放申购|开放赎回
2017-11-07,2.8770,4.2080,3.8130,2.8750,1.05,开放申购|开放赎回
2017-11-08,2.8750,4.2051,3.8110,2.8740,-0.07,开放申购|开放赎回
2017-11-09,2.8880,4.2241,3.8260,2.8850,0.45,开放申购|开放赎回
2017-11-10,2.9180,4.2680,3.8620,2.9180,1.04,开放申购|开放赎回
2017-11-13,2.9290,4.2841,3.8750,2.9280,0.38,开放申购|开放赎回
2017-11-14,2.9170,4.2665,3.8610,2.9130,-0.41,开放申购|开放赎回
2017-11-15,2.9050,4.2490,3.8460,2.9010,-0.41,开放申购|开放赎回
2017-11-16,2.9350,4.2928,3.8820,2.9320,1.03,开放申购|开放赎回
2017-11-17,2.9960,4.3821,3.9540,2.9900,2.08,开放申购|开放赎回
2017-11-20,2.9980,4.3850,3.9560,2.9960,0.07,开放申购|开放赎回
2017-11-21,3.0450,4.4537,4.0120,3.0460,1.57,开放申购|开放赎回
2017-11-22,3.0700,4.4903,4.0420,3.0670,0.82,开放申购|开放赎回
2017-11-23,2.9970,4.3835,3.9550,2.9910,-2.38,开放申购|开放赎回
2017-11-24,2.9930,4.3777,3.9500,2.9900,-0.13,开放申购|开放赎回
2017-11-27,2.9730,4.3484,3.9270,2.9660,-0.67,开放申购|开放赎回
2017-11-28,2.8990,4.3186,3.9030,2.8960,-0.69,开放申购|开放赎回
2017-11-29,2.8940,4.3112,3.8970,2.8900,-0.17,开放申购|开放赎回
2017-11-30,2.8650,4.2680,3.8630,2.8580,-1.00,开放申购|开放赎回
2017-12-01,2.8430,4.2352,3.8370,2.8380,-0.77,开放申购|开放赎回
2017-12-04,2.8620,4.2635,3.8590,2.8580,0.67,开放申购|开放赎回
2017-12-05,2.9110,4.3365,3.9170,2.9080,1.71,开放申购|开放赎回
2017-12-06,2.8750,4.2829,3.8750,2.8710,-1.24,开放申购|开放赎回
2017-12-07,2.8480,4.2427,3.8430,2.8440,-0.94,开放申购|开放赎回
2017-12-08,2.8660,4.2695,3.8640,2.8650,0.63,开放申购|开放赎回
2017-12-11,2.8990,4.3186,3.9030,2.8980,1.15,开放申购|开放赎回
2017-12-12,2.8500,4.2456,3.8450,2.8460,-1.69,开放申购|开放赎回
2017-12-13,2.8720,4.2784,3.8710,2.8700,0.77,开放申购|开放赎回
2017-12-14,2.8490,4.2441,3.8440,2.8500,-0.80,开放申购|开放赎回
2017-12-15,2.8200,4.2009,3.8100,2.8160,-1.02,开放申购|开放赎回
2017-12-18,2.8280,4.2129,3.8190,2.8280,0.28,开放申购|开放赎回
2017-12-19,2.8720,4.2784,3.8710,2.8700,1.56,开放申购|开放赎回
2017-12-20,2.8790,4.2888,3.8790,2.8760,0.24,开放申购|开放赎回
2017-12-21,2.8940,4.3112,3.8970,2.8930,0.52,开放申购|开放赎回
2017-12-22,2.8800,4.2903,3.8810,2.8780,-0.48,开放申购|开放赎回
2017-12-25,2.8790,4.2888,3.8790,2.8760,-0.03,开放申购|开放赎回
2017-12-26,2.8930,4.3097,3.8960,2.8930,0.49,开放申购|开放赎回
2017-12-27,2.8380,4.2278,3.8310,2.8340,-1.90,开放申购|开放赎回
2017-12-28,2.8580,4.2575,3.8550,2.8550,0.70,开放申购|开放赎回
2017-12-29,2.8590,4.2590,3.8560,2.8580,0.03,开放申购|开放赎回
2017-12-31,2.8590,4.2590,3.8560,2.8580,0.00,开放申购|开放赎回
2018-01-02,2.9070,4.3305,3.9130,2.9070,1.68,开放申购|开放赎回
2018-01-03,2.9120,4.3380,3.9190,2.9120,0.17,开放申购|开放赎回
2018-01-04,2.9180,4.3469,3.9260,2.9190,0.21,开放申购|开放赎回
2018-01-05,2.9310,4.3663,3.9410,2.9330,0.45,开放申购|开放赎回
2018-01-08,2.9460,4.3886,3.9590,2.9440,0.51,开放申购|开放赎回
2018-01-09,2.9670,4.4199,3.9840,2.9700,0.71,开放申购|开放赎回
2018-01-10,2.9940,4.4601,4.0160,2.9940,0.91,开放申购|开放赎回
2018-01-11,2.9950,4.4616,4.0170,2.9910,0.03,开放申购|开放赎回
2018-01-12,3.0160,4.4929,4.0420,3.0180,0.70,开放申购|开放赎回
2018-01-15,3.0460,4.5376,4.0770,3.0430,0.99,开放申购|开放赎回
2018-01-16,3.0610,4.5600,4.0950,3.0640,0.49,开放申购|开放赎回
2018-01-17,3.0740,4.5793,4.1100,3.0710,0.42,开放申购|开放赎回
2018-01-18,3.1040,4.6240,4.1460,3.1060,0.98,开放申购|开放赎回
2018-01-19,3.1150,4.6404,4.1590,3.1130,0.35,开放申购|开放赎回
2018-01-22,3.1270,4.6583,4.1730,3.1290,0.39,开放申购|开放赎回
2018-01-23,3.1730,4.7268,4.2270,3.1730,1.47,开放申购|开放赎回
2018-01-24,3.1770,4.7328,4.2320,3.1720,0.13,开放申购|开放赎回
2018-01-25,3.1540,4.6985,4.2050,3.1500,-0.72,开放申购|开放赎回
2018-01-26,3.1710,4.7238,4.2250,3.1710,0.54,开放申购|开放赎回
2018-01-29,3.1180,4.6449,4.1620,3.1140,-1.67,开放申购|开放赎回
2018-01-30,3.0770,4.5838,4.1140,3.0750,-1.31,开放申购|开放赎回
2018-01-31,3.1150,4.6404,4.1590,3.1130,1.23,开放申购|开放赎回
2018-02-01,3.1390,4.6762,4.1870,3.1340,0.77,开放申购|开放赎回
2018-02-02,3.1470,4.6881,4.1970,3.1450,0.25,开放申购|开放赎回
2018-02-05,3.1790,4.7357,4.2350,3.1800,1.02,开放申购|开放赎回
2018-02-06,3.1150,4.6404,4.1590,3.1100,-2.01,开放申购|开放赎回
2018-02-07,3.0270,4.5093,4.0550,3.0230,-2.83,开放申购|开放赎回
2018-02-08,2.9430,4.3842,3.9550,2.9390,-2.78,开放申购|开放赎回
2018-02-09,2.8080,4.1831,3.7950,2.8030,-4.59,开放申购|开放赎回
2018-02-12,2.8020,4.1741,3.7880,2.8000,-0.21,开放申购|开放赎回
2018-02-13,2.8500,4.2456,3.8450,2.8480,1.71,开放申购|开放赎回
2018-02-14,2.8680,4.2724,3.8660,2.8660,0.63,开放申购|开放赎回
2018-02-22,2.9280,4.3618,3.9370,2.9250,2.09,开放申购|开放赎回
2018-02-23,2.9530,4.3991,3.9670,2.9550,0.85,开放申购|开放赎回
2018-02-26,2.9700,4.4244,3.9870,2.9650,0.58,开放申购|开放赎回
2018-02-27,2.9230,4.3544,3.9320,2.9200,-1.58,开放申购|开放赎回
2018-02-28,2.8750,4.2829,3.8750,2.8710,-1.64,开放申购|开放赎回
2018-03-01,2.8870,4.3007,3.8890,2.8840,0.42,开放申购|开放赎回
2018-03-02,2.8600,4.2605,3.8570,2.8560,-0.94,开放申购|开放赎回
2018-03-05,2.8600,4.2605,3.8570,2.8550,0.00,开放申购|开放赎回
2018-03-06,2.8880,4.3022,3.8900,2.8880,0.98,开放申购|开放赎回
2018-03-07,2.8740,4.2814,3.8740,2.8710,-0.48,开放申购|开放赎回
2018-03-08,2.8940,4.3112,3.8970,2.8930,0.70,开放申购|开放赎回
2018-03-09,2.9040,4.3261,3.9090,2.9030,0.35,开放申购|开放赎回
2018-03-12,2.9050,4.3276,3.9100,2.9050,0.03,开放申购|开放赎回
2018-03-13,2.8790,4.2888,3.8790,2.8730,-0.90,开放申购|开放赎回
2018-03-14,2.8670,4.2710,3.8650,2.8630,-0.42,开放申购|开放赎回
2018-03-15,2.8900,4.3052,3.8920,2.8900,0.80,开放申购|开放赎回
2018-03-16,2.8660,4.2695,3.8640,2.8620,-0.83,开放申购|开放赎回
2018-03-19,2.8920,4.3082,3.8950,2.8920,0.91,开放申购|开放赎回
2018-03-20,2.8990,4.3186,3.9030,2.8950,0.24,开放申购|开放赎回
2018-03-21,2.8890,4.3037,3.8910,2.8840,-0.34,开放申购|开放赎回
2018-03-22,2.8610,4.2620,3.8580,2.8570,-0.97,开放申购|开放赎回
2018-03-23,2.7860,4.1503,3.7690,2.7810,-2.62,开放申购|开放赎回
2018-03-26,2.7340,4.0728,3.7080,2.7340,-1.87,开放申购|开放赎回
2018-03-27,2.7420,4.0847,3.7170,2.7390,0.29,开放申购|开放赎回
2018-03-28,2.6900,4.0073,3.6560,2.6880,-1.90,开放申购|开放赎回
2018-03-29,2.7330,4.0713,3.7070,2.7340,1.60,开放申购|开放赎回
2018-03-30,2.7170,4.0475,3.6880,2.7130,-0.59,开放申购|开放赎回
2018-03-31,2.7170,4.0475,3.6880,2.7130,0.00,开放申购|开放赎回
2018-04-02,2.7060,4.0311,3.6750,2.7020,-0.40,开放申购|开放赎回
2018-04-03,2.6920,4.0103,3.6580,2.6930,-0.52,开放申购|开放赎回
2018-04-04,2.6970,4.0177,3.6640,2.6940,0.19,开放申购|开放赎回
2018-04-09,2.7100,4.0371,3.6790,2.7110,0.48,开放申购|开放赎回
2018-04-10,2.7750,4.1339,3.7560,2.7750,2.40,开放申购|开放赎回
2018-04-11,2.7790,4.1399,3.7610,2.7750,0.14,开放申购|开放赎回
2018-04-12,2.7440,4.0877,3.7200,2.7420,-1.26,开放申购|开放赎回
2018-04-13,2.7200,4.0520,3.6910,2.7170,-0.87,开放申购|开放赎回
2018-04-16,2.6590,3.9611,3.6190,2.6550,-2.24,开放申购|开放赎回
2018-04-17,2.6300,3.9179,3.5850,2.6260,-1.09,开放申购|开放赎回
2018-04-18,2.6480,3.9447,3.6060,2.6430,0.68,开放申购|开放赎回
2018-04-19,2.6760,3.9864,3.6390,2.6760,1.06,开放申购|开放赎回
2018-04-20,2.6410,3.9343,3.5980,2.6370,-1.31,开放申购|开放赎回
2018-04-23,2.6590,3.9611,3.6190,2.6580,0.68,开放申购|开放赎回
2018-04-24,2.7160,4.0460,3.6860,2.7180,2.14,开放申购|开放赎回
2018-04-25,2.6960,4.0162,3.6630,2.6930,-0.74,开放申购|开放赎回
2018-04-26,2.6600,3.9626,3.6200,2.6550,-1.34,开放申购|开放赎回
2018-04-27,2.6470,3.9432,3.6050,2.6420,-0.49,开放申购|开放赎回
2018-05-02,2.6460,3.9417,3.6040,2.6460,-0.04,开放申购|开放赎回
2018-05-03,2.6570,3.9581,3.6170,2.6540,0.42,开放申购|开放赎回
2018-05-04,2.6400,3.9328,3.5970,2.6340,-0.64,开放申购|开放赎回
2018-05-07,2.6770,3.9879,3.6400,2.6740,1.40,开放申购|开放赎回
2018-05-08,2.7160,4.0460,3.6860,2.7140,1.46,开放申购|开放赎回
2018-05-09,2.7100,4.0371,3.6790,2.7110,-0.22,开放申购|开放赎回
2018-05-10,2.7220,4.0549,3.6940,2.7230,0.44,开放申购|开放赎回
2018-05-11,2.7170,4.0475,3.6880,2.7160,-0.18,开放申购|开放赎回
2018-05-14,2.7460,4.0907,3.7220,2.7450,1.07,开放申购|开放赎回
2018-05-15,2.7430,4.0862,3.7180,2.7400,-0.11,开放申购|开放赎回
2018-05-16,2.7090,4.0356,3.6780,2.7050,-1.24,开放申购|开放赎回
2018-05-17,2.6940,4.0132,3.6600,2.6890,-0.55,开放申购|开放赎回
2018-05-18,2.7330,4.0713,3.7070,2.7330,1.45,开放申购|开放赎回
2018-05-21,2.7380,4.0788,3.7130,2.7360,0.18,开放申购|开放赎回
2018-05-22,2.7200,4.0520,3.6910,2.7170,-0.66,开放申购|开放赎回
2018-05-23,2.6760,3.9864,3.6390,2.6720,-1.62,开放申购|开放赎回
2018-05-24,2.6580,3.9596,3.6180,2.6550,-0.67,开放申购|开放赎回
2018-05-25,2.6580,3.9596,3.6180,2.6540,0.00,开放申购|开放赎回
2018-05-28,2.6700,3.9775,3.6320,2.6680,0.45,开放申购|开放赎回
2018-05-29,2.6600,3.9626,3.6200,2.6550,-0.37,开放申购|开放赎回
2018-05-30,2.6030,3.8777,3.5530,2.6010,-2.14,开放申购|开放赎回
2018-05-31,2.6550,3.9551,3.6140,2.6510,2.00,开放申购|开放赎回
2018-06-01,2.6430,3.9373,3.6000,2.6430,-0.45,开放申购|开放赎回
2018-06-04,2.6880,4.0043,3.6530,2.6860,1.70,开放申购|开放赎回
2018-06-05,2.7020,4.0252,3.6700,2.6960,0.52,开放申购|开放赎回
2018-06-06,2.6870,4.0028,3.6520,2.6860,-0.56,开放申购|开放赎回
2018-06-07,2.6970,4.0177,3.6640,2.6940,0.37,开放申购|开放赎回
2018-06-08,2.6590,3.9611,3.6190,2.6520,-1.41,开放申购|开放赎回
2018-06-11,2.6650,3.9700,3.6260,2.6630,0.23,开放申购|开放赎回
2018-06-12,2.6930,4.0117,3.6590,2.6880,1.05,开放申购|开放赎回
2018-06-13,2.6770,3.9879,3.6400,2.6720,-0.59,开放申购|开放赎回
2018-06-14,2.6770,3.9879,3.6400,2.6750,0.00,开放申购|开放赎回
2018-06-15,2.6830,3.9969,3.6470,2.6780,0.22,开放申购|开放赎回
2018-06-19,2.6150,3.8956,3.5670,2.6120,-2.53,开放申购|开放赎回
2018-06-20,2.6150,3.8956,3.5670,2.6100,0.00,开放申购|开放赎回
2018-06-21,2.5960,3.8672,3.5440,2.5920,-0.73,开放申购|开放赎回
2018-06-22,2.6010,3.8747,3.5500,2.5980,0.19,开放申购|开放赎回
2018-06-25,2.5540,3.8047,3.4950,2.5480,-1.81,开放申购|开放赎回
2018-06-26,2.5240,3.7600,3.4590,2.5200,-1.17,开放申购|开放赎回
2018-06-27,2.4700,3.6795,3.3950,2.4650,-2.14,开放申购|开放赎回
2018-06-28,2.4440,3.6408,3.3640,2.4410,-1.05,开放申购|开放赎回
2018-06-29,2.5010,3.7257,3.4320,2.4950,2.33,开放申购|开放赎回
2018-06-30,2.5010,3.7257,3.4320,2.4950,0.00,开放申购|开放赎回
2018-07-02,2.4090,3.5887,3.3230,2.4020,-3.68,开放申购|开放赎回
2018-07-03,2.4110,3.5917,3.3250,2.4100,0.08,开放申购|开放赎回
2018-07-04,2.3910,3.5619,3.3020,2.3900,-0.83,开放申购|开放赎回
2018-07-05,2.3980,3.5723,3.3100,2.3910,0.29,开放申购|开放赎回
2018-07-06,2.4260,3.6140,3.3430,2.4250,1.17,开放申购|开放赎回
2018-07-09,2.4960,3.7183,3.4260,2.4960,2.89,开放申购|开放赎回
2018-07-10,2.4960,3.7183,3.4260,2.4930,0.00,开放申购|开放赎回
2018-07-11,2.4570,3.6602,3.3800,2.4540,-1.56,开放申购|开放赎回
2018-07-12,2.5070,3.7347,3.4390,2.5050,2.04,开放申购|开放赎回
2018-07-13,2.5150,3.7466,3.4490,2.5090,0.32,开放申购|开放赎回
2018-07-16,2.4910,3.7108,3.4200,2.4900,-0.95,开放申购|开放赎回
2018-07-17,2.4780,3.6915,3.4050,2.4750,-0.52,开放申购|开放赎回
2018-07-18,2.4690,3.6781,3.3940,2.4630,-0.36,开放申购|开放赎回
2018-07-19,2.4740,3.6855,3.4000,2.4740,0.20,开放申购|开放赎回
2018-07-20,2.5430,3.7883,3.4820,2.5400,2.79,开放申购|开放赎回
2018-07-23,2.5750,3.8360,3.5200,2.5690,1.26,开放申购|开放赎回
2018-07-24,2.6120,3.8911,3.5630,2.6100,1.44,开放申购|开放赎回
2018-07-25,2.6120,3.8911,3.5630,2.6090,0.00,开放申购|开放赎回
2018-07-26,2.5790,3.8419,3.5240,2.5750,-1.26,开放申购|开放赎回
2018-07-27,2.5740,3.8345,3.5180,2.5750,-0.19,开放申购|开放赎回
2018-07-30,2.5910,3.8598,3.5390,2.5870,0.66,开放申购|开放赎回
2018-07-31,2.5940,3.8643,3.5420,2.5950,0.12,开放申购|开放赎回
2018-08-01,2.5390,3.7823,3.4770,2.5370,-2.12,开放申购|开放赎回
2018-08-02,2.4880,3.7064,3.4170,2.4840,-2.01,开放申购|开放赎回
2018-08-03,2.4610,3.6661,3.3850,2.4570,-1.09,开放申购|开放赎回
2018-08-06,2.4530,3.6542,3.3750,2.4550,-0.33,开放申购|开放赎回
2018-08-07,2.5270,3.7645,3.4630,2.5300,3.02,开放申购|开放赎回
2018-08-08,2.4950,3.7168,3.4250,2.4940,-1.27,开放申购|开放赎回
2018-08-09,2.5540,3.8047,3.4950,2.5510,2.36,开放申购|开放赎回
2018-08-10,2.5530,3.8032,3.4940,2.5510,-0.04,开放申购|开放赎回
2018-08-13,2.5280,3.7659,3.4640,2.5260,-0.98,开放申购|开放赎回
2018-08-14,2.5180,3.7511,3.4520,2.5180,-0.40,开放申购|开放赎回
2018-08-15,2.4570,3.6602,3.3800,2.4540,-2.42,开放申购|开放赎回
2018-08-16,2.4530,3.6542,3.3750,2.4530,-0.16,开放申购|开放赎回
2018-08-17,2.4220,3.6080,3.3380,2.4200,-1.26,开放申购|开放赎回
2018-08-20,2.4570,3.6602,3.3800,2.4580,1.45,开放申购|开放赎回
2018-08-21,2.5010,3.7257,3.4320,2.4960,1.79,开放申购|开放赎回
2018-08-22,2.4990,3.7227,3.4300,2.4990,-0.08,开放申购|开放赎回
2018-08-23,2.5100,3.7391,3.4430,2.5090,0.44,开放申购|开放赎回
2018-08-24,2.5220,3.7570,3.4570,2.5230,0.48,开放申购|开放赎回
2018-08-27,2.5730,3.8330,3.5170,2.5710,2.02,开放申购|开放赎回
2018-08-28,2.5620,3.8166,3.5040,2.5600,-0.43,开放申购|开放赎回
2018-08-29,2.5540,3.8047,3.4950,2.5530,-0.31,开放申购|开放赎回
2018-08-30,2.5290,3.7674,3.4650,2.5330,-0.98,开放申购|开放赎回
2018-08-31,2.5240,3.7600,3.4590,2.5210,-0.20,开放申购|开放赎回
2018-09-03,2.5150,3.7466,3.4490,2.5120,-0.36,开放申购|开放赎回
2018-09-04,2.5500,3.7987,3.4900,2.5500,1.39,开放申购|开放赎回
2018-09-05,2.4900,3.7093,3.4190,2.4870,-2.35,开放申购|开放赎回
2018-09-06,2.4680,3.6766,3.3930,2.4660,-0.88,开放申购|开放赎回
2018-09-07,2.4900,3.7093,3.4190,2.4910,0.89,开放申购|开放赎回
2018-09-10,2.4650,3.6721,3.3890,2.4660,-1.00,开放申购|开放赎回
2018-09-11,2.4500,3.6498,3.3720,2.4490,-0.61,开放申购|开放赎回
2018-09-12,2.4330,3.6244,3.3510,2.4320,-0.69,开放申购|开放赎回
2018-09-13,2.4680,3.6766,3.3930,2.4660,1.44,开放申购|开放赎回
2018-09-14,2.4780,3.6915,3.4050,2.4750,0.41,开放申购|开放赎回
2018-09-17,2.4520,3.6527,3.3740,2.4520,-1.05,开放申购|开放赎回
2018-09-18,2.5120,3.7421,3.4450,2.5130,2.45,开放申购|开放赎回
2018-09-19,2.5410,3.7853,3.4790,2.5380,1.15,开放申购|开放赎回
2018-09-20,2.5410,3.7853,3.4790,2.5410,0.00,开放申购|开放赎回
2018-09-21,2.6290,3.9164,3.5830,2.6320,3.46,开放申购|开放赎回
2018-09-25,2.6020,3.8762,3.5520,2.6000,-1.03,开放申购|开放赎回
2018-09-26,2.6380,3.9298,3.5940,2.6380,1.38,开放申购|开放赎回
2018-09-27,2.6300,3.9179,3.5850,2.6280,-0.30,开放申购|开放赎回
